Numero_1,Numero_2,Numero_3,Numero_4,Numero_5
0.32558276717027906,0.44320123912243586,0.10893663115601478,0.09882764429203182,0.023451718259238537
0.15521371394838085,0.11370601471111684,0.05569248780644506,0.37982307381054353,0.29556470972351373
0.1790477330016037,0.38231220528626664,0.25600382006809586,0.1275293260425038,0.055106915601529916
0.2816707494069371,0.008408048783808242,0.2869668854566082,0.07265082091546504,0.3503034954371815
0.3292313109768443,0.1815374817269106,0.12322941714102104,0.22751884367668573,0.13848294647853815
0.09195104342087349,0.3246688575547836,0.2584246891831942,0.14515267234188098,0.1798027374992678
0.1651198255055245,0.31686581872249214,0.005421937794534337,0.32838806272239707,0.18420435525505183
0.19593549562051182,0.283050299615393,0.09104060182093207,0.22102071660186923,0.20895288634129391
0.1508101395347833,0.3023935720857264,0.28300005632714725,0.13563903430627589,0.12815719774606715
0.3419800245312206,0.11208568072092653,0.16873351873268927,0.2703015271105248,0.10689924890463867
0.14073624109030633,0.22839116342215304,0.20639780576509645,0.12634279149613845,0.29813199822630576
0.2722094617700975,0.3152098444403399,0.3328072030873201,0.07701728462623915,0.002756206076003439
0.10454586875303058,0.11794761737166247,0.2529650011122037,0.25206195924272606,0.2724795535203772
0.2347135517482346,0.11617428618597218,0.23148312491094453,0.16532320008534546,0.2523058370695033
0.1070479253714222,0.22125143003456457,0.04363124452681127,0.6062732037902689,0.02179619627693304
0.3418137093136682,0.33923026041777804,0.05888853220126899,0.20801837467257608,0.05204912339470871
0.21065396167130837,0.28339036618329194,0.16409060042558116,0.13867586354595432,0.2031892081738642
0.0652697193538322,0.06766790175311226,0.1533577107327973,0.30456984839960083,0.40913481976065746
0.23447908351943156,0.11620907863806029,0.38034084612860974,0.21551859324509945,0.05345239846879895
0.14605293943609904,0.22894297267669544,0.18356035036776006,0.19483648468319636,0.24660725283624904
0.33226137324644484,0.1493975943872507,0.028527102530905978,0.4101726604000039,0.07964126943539455
0.22292683532995353,0.15160996673265426,0.13339660319115168,0.2543833551846703,0.23768323956157025
0.13665701323980264,0.33429402035362016,0.07905234873436964,0.2714571947624804,0.17853942290972713
0.12719903455627538,0.269039955606306,0.32602586307695247,0.011371620053227255,0.26636352670723884
0.32682928216555224,0.1494440366031386,0.05650109487611499,0.2683979795571672,0.19882760679802702
0.22130641923346608,0.2935621964853489,0.15058800032602743,0.09995745062287752,0.23458593333228006
0.6573849916732013,0.029677765825309677,0.12225170843085983,0.12640051557154278,0.06428501849908624
0.2506881121611233,0.29979990685809216,0.0668661307164327,0.2753862905709803,0.10725955969337153
0.08979620508441562,0.3716591191820963,0.06962501333551763,0.3706075060719687,0.09831215632600168
0.15544207230719023,0.012293340540431952,0.2629661870832601,0.2765532400085503,0.2927451600605675
0.06376645319340143,0.17567895414152324,0.3057198493938029,0.2948720036997445,0.15996273957152796
0.07414315590018267,0.5134435637965044,0.01091882301854581,0.14528812886499445,0.2562063284197726
0.5367216543772355,0.1573307587221507,0.07547438974648857,0.045177536437011855,0.18529566071711343
0.2163698587481326,0.048841454907048616,0.013094187663672064,0.3465099961034734,0.3751845025776733
0.06569917040036545,0.16579355842301696,0.25251622112096783,0.2794433498585623,0.23654770019708743
0.02751179729393422,0.28806026799003953,0.18246909087343344,0.18737300552498332,0.31458583831760956
0.24362638544039694,0.19616895463429151,0.15806721547189329,0.23356579372989428,0.16857165072352395
0.10165995539060037,0.10053450036925941,0.1677545999389216,0.2910575471454726,0.33899339715574595
0.3720239932387988,0.20942867312203955,0.11775865662116855,0.12666446640513804,0.17412421061285502
0.09902574961477463,0.30500237292592497,0.1734598816526036,0.4051622731490694,0.01734972265762732
0.23732703995315688,0.32123668097496305,0.07979967843191672,0.12611343377625178,0.2355231668637114
0.20802512529080588,0.22334185665520798,0.028202708618482494,0.22133949611097933,0.3190908133245243
0.15241728000861268,0.18332765379771782,0.17331805373780546,0.21711736555281058,0.2738196469030534
0.04554554066193703,0.18574981694451748,0.3072305235470842,0.2415186835132932,0.2199554353331681
0.2004968191442486,0.2936464967257258,0.1814800199389495,0.14601656812664163,0.1783600960644344
0.45120714335776335,0.14633488436924122,0.02823617859842188,0.3552924985668294,0.018929295107744104
0.2036706995330012,0.18125072927587874,0.4869978151704674,0.11032631270363209,0.017754443317020512
0.09282384755528716,0.08135594002684382,0.08004354922818689,0.38188614813508126,0.36389051505460085
0.10832787809056212,0.14160033457910276,0.37723894779984185,0.11954032532822444,0.2532925142022689
0.2892900208054799,0.09516530209647413,0.12505175665675847,0.3675218371000701,0.12297108334121741
0.43029928650641774,0.060229104192533425,0.097849056750694,0.2618764821251951,0.14974607042515972
0.3995439921490387,0.060670633849763574,0.20854658083610744,0.10660327919070364,0.22463551397438664
0.17992840768867488,0.17735612444456497,0.07295320858933896,0.2911954624000662,0.2785667968773551
0.18965597114668634,0.26254882275560854,0.1158037193401822,0.16826417223748905,0.26372731452003395
0.15211783833782527,0.07603833175320632,0.4591889980199667,0.12655941651975383,0.18609541536924779
0.22218880791113094,0.19980108405634778,0.22940956828983208,0.15237595346256427,0.19622458628012485
0.16180616458575586,0.21502963006604173,0.28208785411438086,0.2930567220781403,0.04801962915568129
0.0723302065772816,0.013679209874729521,0.465368023998681,0.28186455254072973,0.1667580070085783
0.017916050004073942,0.10048908931583976,0.6000244103516689,0.22200655507221867,0.059563895256198714
0.16469639028577332,0.26185539378725975,0.15158565142150845,0.19864637633729465,0.22321618816816383
0.11876096465359202,0.21317612608485156,0.259347721651582,0.2171312596310168,0.19158392797895774
0.07475676791450919,0.28815005494757406,0.17103399489646082,0.208288172054734,0.257771010186722
0.2435844390635145,0.17082821985517194,0.05299725123818567,0.27133068657086734,0.26125940327226055
0.19575054682095067,0.23071799151593747,0.03267621421375436,0.2605895183806791,0.2802657290686784
0.30445730710039454,0.13059014507230238,0.06997255512013525,0.10483707845877244,0.3901429142483953
0.018055844536165464,0.34709999415294285,0.17382360022891297,0.3566685083571792,0.1043520527247993
0.04563686705710904,0.14364136794843885,0.38147318058535523,0.33051704297562595,0.09873154143347106
0.06007927439358566,0.2837339533127779,0.27795149458353974,0.09219871483201932,0.2860365628780775
0.21870004099102336,0.27177224827118585,0.016606258389892048,0.3584588537513605,0.13446259859653814
0.5091515808929717,0.16684019428709188,0.14043505849095558,0.11647358708834694,0.06709957924063385
0.20387408296969176,0.16972029103202477,0.2660734496638852,0.21105621618535633,0.1492759601490419
0.11951406110553206,0.0676541725202964,0.3085822935342068,0.4405963056325694,0.06365316720739539
0.18146284022981451,0.2524918165755879,0.0052811066767091824,0.12511117584319503,0.4356530606746933
0.2857899039236897,0.2878102508664233,0.23933857717937146,0.1815840880274906,0.0054771800030248416
0.2300998961249381,0.2582435154535182,0.2815118190385522,0.19539221421011857,0.03475255517287296
0.2363681598133109,0.2484548141294866,0.2167747437650952,0.07395505739933096,0.2244472248927764
0.24177143637559786,0.14114339727603958,0.23784036537729653,0.19872570157112612,0.18051909939994007
0.17678487317392672,0.2474800304298536,0.16614688515714948,0.24148166181290123,0.16810654942616898
0.06603348554199776,0.15530124061048872,0.12267840912133066,0.45841973709464845,0.1975671276315345
0.09037437849700956,0.3667878127088977,0.055073037097904703,0.1013788936042308,0.3863858780919572
0.11716780557591883,0.07944405712386848,0.2476759289722694,0.24478878166625806,0.3109234266616852
0.1676951510492061,0.23523151716911225,0.264642459570834,0.08385696927554025,0.24857390293530754
0.31989990957805986,0.04583108013173684,0.44420055667776964,0.06878374047078405,0.12128471314164972
0.08647167517843889,0.06767375413407183,0.3231157812415036,0.3073874291837431,0.2153513602622425
0.10662139788210628,0.18442705432900325,0.2804510527853947,0.26940213836862165,0.15909835663487418
0.11389952356098082,0.0817534037441182,0.32677267660049075,0.44095547603142915,0.036618920062981064
0.29806005927381546,0.21557573702495564,0.1947607854855856,0.11488810575986291,0.1767153124557804
0.22063833586483156,0.047071028240404746,0.27446482044143933,0.25442753886611164,0.20339827658721277
0.29686091416237126,0.1811425863640036,0.10576646619720226,0.21886867806570384,0.19736135521071904
0.3053034473523259,0.03107415897209552,0.17506417283092643,0.22616486868991365,0.2623933521547385
0.14188536153617753,0.0396486347768599,0.2637622302647329,0.1890285481506532,0.36567522527157637
0.2717837189874479,0.21484194166085463,0.21693339499314593,0.03653715988732462,0.2599037844712269
0.24596905392841864,0.17184855374005953,0.301471880480071,0.12681862204435707,0.1538918898070937
0.4811003712471182,0.14310646014493128,0.0065178232319653,0.07392594067553333,0.29534940470045185
0.28170197588414825,0.1646910590641803,0.1690692590299665,0.1631575688867614,0.2213801371349435
0.2735255542850433,0.094190967954968,0.09582020515986177,0.34744718579283196,0.18901608680729495
0.24361746380937638,0.1489067492812043,0.36280537257642276,0.09442220064577843,0.150248213687218
0.032618617038182786,0.3071653326628491,0.011350181498675636,0.36248989903593426,0.28637596976435825
0.13764524242167323,0.16193367956017668,0.01636753413885052,0.3877247418474145,0.29632880203188505
0.30694631738303996,0.06705119632849572,0.31430733761570784,0.09951172560594627,0.21218342306681023
0.318904327469119,0.02445929818920948,0.10322635066218015,0.13938506879580145,0.41402495488368996
0.2622361916537331,0.07864017050164072,0.21386115450253615,0.1876046978657137,0.2576577854763764
0.1345939762652319,0.24694328105756513,0.47302720716474983,0.1383756146961925,0.007059920816260433
0.3952285720130831,0.19965127376338726,0.2941353640381607,0.06367608964479003,0.04730870054057902
0.07696266011680462,0.3002379853704241,0.20869972159002087,0.14649549900479214,0.2676041339179584
0.24725222151494358,0.13570340682668333,0.262436095380923,0.29122921860809686,0.06337905766935313
0.12840566696184427,0.2760016183818581,0.1362018653956992,0.20842229274782734,0.25096855651277106
0.23330938205055726,0.28565589424172977,0.07535717508276105,0.24289390611587927,0.1627836425090727
0.046035919744580586,0.2827800880946193,0.3185763867518357,0.22698096847950508,0.12562663692945936
0.20559367213125906,0.18893288550288476,0.212073225401294,0.10514908913367746,0.28825112783088475
0.27528393164145565,0.1851274926056541,0.17628255743921104,0.22785423437811847,0.13545178393556084
0.42134738884110196,0.054023431129608744,0.03806958132594148,0.2395556605018143,0.24700393820153355
0.45112210979508705,0.19570599133625702,0.3344542118375205,0.006387951781115677,0.012329735250019791
0.2551561315646058,0.11247162757498631,0.016802081716804113,0.24016670676197174,0.375403452381632
0.05500895996092031,0.22601309825680557,0.2284223602807931,0.2589591422572469,0.23159643924423398
0.25577583941202564,0.2105851522243647,0.2733933911471871,0.13319831013241523,0.12704730708400747
0.15500764433195846,0.0409131794802837,0.3678161030780228,0.15698332113216784,0.2792797519775672
0.1821005903468358,0.19292930045066092,0.28889042358858785,0.2093201350883282,0.12675955052558735
0.03851553248381328,0.19155067806479245,0.2646049628169102,0.3373895314576018,0.16793929517688222
0.12716099484094445,0.28582676595196277,0.08104354863992319,0.2888105668868352,0.2171581236803344
0.2406983562055272,0.25877363486281585,0.0011343745258456978,0.12197047888579489,0.3774231555200164
0.06821042500709096,0.404440253171794,0.16403063337826407,0.029424119116567345,0.3338945693262835
0.28977322189767935,0.24025889530106745,0.20663565036987527,0.07651704057199077,0.18681519185938722
0.10158968187158841,0.28356097623208787,0.12586115211211857,0.03659446192484796,0.45239372785935716
0.08781439954829848,0.040053549766334955,0.14094706659085757,0.4030414701357904,0.3281435139587187
0.30180972089108166,0.24138858047178377,0.0637690512672346,0.2022934587844705,0.1907391885854295
0.2243811531401318,0.13712625730116837,0.17774245316376597,0.2585026310757273,0.20224750531920646
0.01552217498653095,0.23178904684807455,0.04535709282254729,0.36087505088857896,0.34645663445426833
0.21709661904476443,0.2324087452170415,0.07639074654787509,0.09302977588581274,0.3810741133045062
0.2011217510500775,0.07674823697843763,0.38860545376966343,0.048581778061363476,0.284942780140458
0.2942749176252523,0.1308466615882827,0.12961608058957036,0.02960712112052701,0.4156552190763676
0.2251859220857533,0.017286336960695724,0.24904820425314247,0.33135612993673025,0.17712340676367824
0.1112844218970908,0.29312422892647777,0.17712805953750993,0.2766902629530055,0.14177302668591601
0.18504328761946395,0.18147870640880684,0.07980524262480394,0.06337837006758631,0.49029439327933894
0.26623811376655027,0.263326845333284,0.0547615149903059,0.14618223008431072,0.2694912958255491
0.23293306140012485,0.19217735165990565,0.44462865621065484,0.03953448058383735,0.0907264501454774
0.1547925470536503,0.0312647867236788,0.2306619816183575,0.2566590982889522,0.32662158631536115
0.26959644581631503,0.14902498465985375,0.14688369863311435,0.2838312437705254,0.15066362712019143
0.3321375280737688,0.17622279695993653,0.016966158995961492,0.3050211133459706,0.1696524026243627
0.11842559342516186,0.31030290511988573,0.23702857990330728,0.2113755140914774,0.12286740746016762
0.10690829137917039,0.2654933400928817,0.23305557656712975,0.22189909363845337,0.17264369832236467
0.1768372214615978,0.168289957732467,0.011259037897343489,0.23336180863464406,0.4102519742739475
0.2847265632645658,0.27481947744636914,0.15567957550439374,0.26260887313009845,0.022165510654572916
0.1325657847755987,0.14715020258454292,0.12433722330795717,0.17345292330590456,0.42249386602599664
0.08755094865774365,0.2288121190054278,0.21805009367221648,0.2618325576670472,0.2037542809975648
0.0017193251517576204,0.3961051270424148,0.16065014861505378,0.2491026987230434,0.19242270046773027
0.11773505447552468,0.1958756098506177,0.1823971253971672,0.2982567040462614,0.20573550623042894
0.18347348973932254,0.17740471218252005,0.2568646015678064,0.35553261477980197,0.026724581730549056
0.08993317754276857,0.2666099150251092,0.18940717419899353,0.2195659028168063,0.23448383041632243
0.2772821559721001,0.08091740311681783,0.1895188939667119,0.25631620289134105,0.19596534405302912
0.2626144275269009,0.1494471840210589,0.1393037519770917,0.26286377949388956,0.1857708569810589
0.2570628321289144,0.25321421922675974,0.04667567550568627,0.1043494652443792,0.33869780789426046
0.16896275808352354,0.3957559026880671,0.10628535344043312,0.25107968422713506,0.07791630156084124
0.13925977330326994,0.3102286874621927,0.06714028969198661,0.20138336136824336,0.2819878881743074
0.11224783192489726,0.041151028942031584,0.23173741519512114,0.3334798016515564,0.2813839222863938
0.30853926784618274,0.019869508314010926,0.06067716913350493,0.21683830278376004,0.3940757519225414
0.3478045741560419,0.2798637644858686,0.029541802375982154,0.25368702556143585,0.08910283342067166
0.27854853562693804,0.007624884121105834,0.31198243495697064,0.10161219143228778,0.3002319538626978
0.26885134282177664,0.19848994602045467,0.15433030283668991,0.08265702423022009,0.29567138409085875
0.25781012483294635,0.1702603813166867,0.25024147482433884,0.26290844707389127,0.058779571952136934
0.24218514631069854,0.21360340785196003,0.22664000837900453,0.2346357700961979,0.08293566736213909
0.19769938306531964,0.21049107449872287,0.21702712058159143,0.10449804451435091,0.27028437734001515
0.013211686778654759,0.343911441124557,0.27594646138739365,0.1941215167683286,0.172808893941066
0.18923643353228556,0.2944451790825519,0.24233926861707875,0.16591311768100073,0.1080660010870832
0.1642828910319544,0.46137368856923033,0.0884961149988008,0.1758302408714696,0.11001706452854504
0.22310975767866847,0.34583128164281085,0.07332404836037744,0.25238688689888883,0.10534802541925457
0.25835551568785026,0.034186575030203725,0.14819823061792659,0.05426848714895002,0.5049911915150695
0.08615907515888387,0.23528428235654375,0.2799618673846552,0.23845807105255618,0.16013670404736083
0.12097631567840139,0.26651346314034313,0.20226723879804914,0.14124159699175623,0.2690013853914502
0.2616230334431017,0.23896479891062414,0.2602913327526777,0.013339047314810365,0.225781787578786
0.05762845439856478,0.10237510227331288,0.15716264576885722,0.20864485509295777,0.47418894246630733
0.16579136293689564,0.03724321011696229,0.16188376513044897,0.363375967417586,0.2717056943981071
0.15869517381318327,0.06350735948389205,0.3569032515159398,0.0535629601150483,0.3673312550719366
0.15631278542208824,0.06821201701363702,0.3897794399552212,0.2714345193821838,0.11426123822686969
0.3575693213864295,0.052906936855004666,0.14146682392618523,0.41658130547374234,0.031475612358638334
0.21862325982320296,0.2135740284437984,0.36696809341559905,0.08642286705700937,0.11441175126039031
0.21277672141500148,0.12102537240414482,0.25462964497574453,0.20850800361525126,0.20306025758985785
0.16261335546099717,0.3392426623975768,0.2540804665547334,0.11364812797384466,0.13041538761284815
0.022233274466557644,0.1414425568785984,0.3328754586043753,0.2115139304865835,0.2919347795638852
0.12546187894428293,0.25555934498223937,0.2773367939799953,0.24076699715245217,0.10087498494103023
0.17286110077748515,0.033804220295249966,0.3717635747794691,0.21794953962009117,0.2036215645277047
0.1653896397432622,0.2116355596482967,0.35374243956557827,0.040569266152407246,0.22866309489045566
0.10479563715512329,0.1392528548754355,0.2618203529153707,0.2747504357158072,0.21938071933826322
0.2472578220940123,0.3477442897212871,0.18956292041069073,0.1276128071880512,0.08782216058595867
0.3729440985119516,0.2388605250373033,0.052945439805143046,0.028577625153472692,0.3066723114921294
0.015709791894018985,0.31486892142297895,0.4311461696218662,0.20307969222767805,0.03519542483345788
0.30208480699424417,0.28060886463129364,0.0683070601031112,0.07298978410428576,0.2760094841670653
0.04655868034351753,0.2760565363658798,0.25377757058454437,0.19465628656602005,0.22895092614003823
0.1966071820140071,0.24834436103027746,0.2097979013227116,0.24775815721607847,0.09749239841692546
0.08534411593097226,0.053130720432128416,0.11818501760966979,0.3606513791758596,0.38268876685137
0.16503734110270468,0.05472346983560089,0.2548298842367727,0.35416163063801853,0.17124767418690304
0.10858072563882244,0.23363990204093715,0.24136351965649594,0.1829611874518217,0.2334546652119226
0.08281575162364188,0.27059025798117603,0.18801537985967565,0.16833402539475814,0.29024458514074836
0.24344082304620637,0.22536552431153395,0.22872248502038914,0.24435462653050574,0.05811654109136492
0.01926017528546296,0.13672565887684396,0.36062542195148045,0.26633247965155815,0.21705626423465435
0.13308490808817391,0.25834538496597165,0.15838726366980072,0.31106488765098045,0.13911755562507336
0.045259871233653416,0.20826869940667844,0.26526027457402457,0.2694903512200423,0.21172080356560133
0.04723140580162298,0.28259208763637444,0.3332272130602706,0.060249676659176264,0.2766996168425558
0.17839682267519213,0.25102798302881113,0.015614376724703557,0.47411835910979305,0.0808424584615
0.18857195440537783,0.179452484852012,0.2678376961855326,0.18750694276030946,0.1766309217967682
0.1801920543859963,0.3904671351035228,0.16436689032002808,0.09053762311149866,0.1744362970789541
0.175019953937294,0.14962802190316749,0.06043551993448656,0.25662798149281574,0.35828852273223616
0.11194853961979977,0.524067628723603,0.0003434372136079465,0.29011288464713186,0.0735275097958575
0.15307771626926517,0.3407473244054492,0.08418050948862504,0.07075598521894279,0.35123846461771774
0.41780165080948756,0.036239210599746045,0.024268188754769576,0.24231962790991995,0.27937132192607683
0.08943271493545267,0.205483619659044,0.3146776557721607,0.3191978031239001,0.07120820650944255
0.4517487120023717,0.06090864463892436,0.10583795638863698,0.021243475373519796,0.3602612115965473
0.19988898255661627,0.23691949558841424,0.33705768972450373,0.14812855242067183,0.07800527970979393
0.2014334884903585,0.20205470824882443,0.20713316447403013,0.19792088206580763,0.19145775672097934
0.22796346999048758,0.26948047515803314,0.22719877722013318,0.19819492685064877,0.07716235078069728
0.32247113607264805,0.3797436680930551,0.11488924701968563,0.051898175395660724,0.1309977734189504
0.29140324120983657,0.24549185703903062,0.08735933980784372,0.10977382825101432,0.2659717336922747
0.01148267547024401,0.036254290726384565,0.2436904017352348,0.2685795042979855,0.43999312777015115
0.21681714567413976,0.2520931313027959,0.1464986787737198,0.009202972272855502,0.37538807197648916
0.4742936743731388,0.0062880880460829845,0.05395849112360572,0.3156103888428384,0.14984935761433418
0.053738942686467915,0.42946062131509993,0.21660086085552174,0.04765013810743337,0.252549437035477
0.017165774946013918,0.2706773533399375,0.30180046858187193,0.35806660582579686,0.052289797306379865
0.21317475103953507,0.24867734762144522,0.30865963765792165,0.22445400945442967,0.005034254226668285
0.28893809130456827,0.32836762833795696,0.02928010552602961,0.2802139808316797,0.07320019399976532
0.19303270549010904,0.1603157640938267,0.28061148751794857,0.2637023982801408,0.1023376446179748
0.21656353514143914,0.058730449125067356,0.050297437462367915,0.41890098498583933,0.2555075932852862
0.17717256320335056,0.12328551784350882,0.2253694107954557,0.273917800635407,0.20025470752227795
0.23078186214066318,0.3247281829538629,0.23928587302063173,0.19019593712280117,0.015008144762040886
0.224578424167034,0.20800258976731967,0.21787355982938053,0.13699826901297296,0.2125471572232929
0.147389004947958,0.12762353850151395,0.0961254843902595,0.33773706914455454,0.291124903015714
0.01658365274634885,0.27588547467559965,0.2291753668676815,0.30492355393409276,0.17343195177627713
0.21239612105198324,0.30010876388548746,0.3096399809563231,0.1396723817942175,0.03818275231198862
0.1630975285524699,0.29745095046721093,0.005223584523462563,0.0809325950754655,0.45329534138139116
0.07647314288595293,0.011271353070097143,0.30895452659905664,0.38921520069213605,0.21408577675275717
0.26099555456219325,0.08644906585848297,0.28240920507856315,0.16711562776853173,0.20303054673222895
0.21886359550198276,0.25792432093289164,0.3906294641270932,0.03666319127962951,0.09591942815840285
0.19271051571007333,0.024500882467860204,0.4903184064139576,0.22334466566525973,0.06912552974284916
0.1997480241721145,0.32089117609367046,0.20937394588930325,0.04521201939622231,0.22477483444868948
0.13318658369045913,0.0357979001046438,0.33954603182954857,0.36503287823706665,0.12643660613828198
0.1495997112938375,0.09299378902684652,0.41055564278315354,0.3151259807029018,0.031724876193260615
0.1548984462490309,0.3013925151513652,0.30183828953287184,0.1666478744981612,0.07522287456857078
0.1053481916273894,0.13158339883525383,0.17468665204640632,0.2730888324776166,0.3152929250133338
0.029366310426721613,0.32160878526331926,0.281266220750268,0.27835095493927103,0.08940772862042004
0.029457374014829337,0.07432202879051106,0.1861298976256126,0.3487193575918336,0.3613713419772134
0.2353082313586724,0.17318309049235114,0.11530427071558888,0.3283211090650903,0.1478832983682974
0.2135464721015243,0.1606600630660871,0.21220250096020424,0.1406291434141909,0.27296182045799366
0.27578023327176665,0.23740595226487554,0.31618904029929495,0.061106077369842256,0.1095186967942206
0.18455663616934792,0.16641506670591558,0.1482639547064189,0.2243675859845533,0.2763967564337644
0.29803162591748805,0.0442241677346412,0.2624881213851998,0.3238086038040932,0.07144748115857781
0.17680430727085525,0.4376753313508949,0.0009766418562675563,0.1784932950676514,0.206050424454331
0.20453580894187584,0.15555927507213263,0.25611109624827966,0.16643321438307804,0.21736060535463372
0.0353931511328681,0.13487165381135224,0.340444086080052,0.28332333474150634,0.20596777423422138
0.24718600959946135,0.18357504261203236,0.24974602069557023,0.11429011854728056,0.20520280854565545
0.0386814180293907,0.33521068072206456,0.215436946517785,0.2516051745759758,0.1590657801547839
0.07449644399273234,0.4427817855883987,0.32135783349602,0.03535899300662514,0.1260049439162238
0.3561998149008262,0.09466576418614936,0.15694294342733636,0.18264041794230543,0.20955105954338255
0.37296726236525635,0.05753909007668494,0.40836327141593026,0.021950796068698347,0.13917958007343006
0.0279567222857103,0.4301295542083061,0.1938977483383414,0.13412496184557288,0.2138910133220691
0.1658526298806938,0.2532811996466697,0.22821642256570102,0.31085106206941227,0.04179868583752327
0.1404710452732379,0.36031680131435007,0.25295600962157055,0.07785581338823978,0.16840033040260166
0.05839556598860499,0.28166135073860493,0.26091095176037093,0.07331195249582746,0.32572017901659167
0.07136786927518733,0.24809529839985356,0.1800585367079108,0.2599716596454997,0.24050663597154867
0.11189325552773,0.17016081359742877,0.27239707229607923,0.3064640601206594,0.1390847984581026
0.21505261077403798,0.17089921434359456,0.209030439601094,0.20070205813352796,0.20431567714774557
0.07024464849841884,0.41566918854436147,0.43087765275847223,0.005507469647650196,0.07770104055109743
0.18011067998974836,0.09080027359208691,0.12580500895465488,0.26324088891280556,0.3400431485507044
0.2834826263644592,0.2750172646378761,0.09958880016513805,0.006922481256768679,0.33498882757575793
0.23094834574926595,0.06845552286077909,0.2272823266986356,0.28140967381589327,0.19190413087542615
0.17970876492761292,0.32027990492534747,0.30199709088227605,0.06297687876860782,0.13503736049615564
0.29818458189268954,0.2042413844656888,0.1604689262869717,0.01447288612288056,0.32263222123176927
0.08678724848188472,0.03216089528340203,0.2553618680426705,0.05640587201914535,0.5692841161728974
0.20811160209622567,0.2850483438626324,0.22434519186277022,0.19399661611001104,0.08849824606836072
0.127022208879982,0.31646776126569265,0.18595058215942575,0.2572486951031961,0.11331075259170355
0.2520314068201426,0.22745280025600012,0.1778017874243562,0.1443738113561211,0.19834019414338014
0.3479711190396506,0.009039322094267709,0.24496890728496165,0.21856435674167882,0.17945629483944106
0.21844777630186704,0.12324006536558557,0.4320026413161819,0.07945174432383906,0.14685777269252634
0.2904373241665283,0.20676124598070464,0.21811826853052407,0.21661043042556524,0.0680727308966778
0.010912514827895396,0.5182088822614815,0.21971890639603678,0.1210217082960809,0.13013798821850547
0.28772304894530926,0.05250895665999715,0.119741594186246,0.16155161117099803,0.3784747890374495
0.0005906358047119018,0.27477860647539215,0.320900318920394,0.1953605635731724,0.2083698752263295
0.10361837082229422,0.20241127947571377,0.22285970777362737,0.01069511344367774,0.46041552848468686
0.27722553142041273,0.2551622532951641,0.2626668440040049,0.16424017070534,0.040705200575078225
0.3395348077663213,0.05809099267010919,0.2814229310183151,0.20886754359696733,0.11208372494828697
0.3289825627377671,0.00725856820988816,0.3548006428576226,0.1338740887535032,0.175084137441219
0.18866849868466484,0.22313820792829508,0.18709718763012648,0.24442818607786995,0.15666791967904364
0.02414239821982928,0.3108622351935615,0.009128731354480965,0.4257240652253737,0.2301425700067545
0.06223017247593277,0.20587396032183933,0.23098125308298695,0.36264201215301856,0.13827260196622243
0.39149643615165763,0.2904564908033541,0.23328269221856396,0.04261011037229825,0.04215427045412592
0.2189242135735931,0.042809591657725785,0.0210169186031108,0.5107873518692438,0.20646192429632645
0.08500216711253039,0.1367465721785684,0.08662438974146949,0.17480909002204198,0.5168177809453898
0.3063011963151742,0.027798431374650785,0.20877877406098824,0.10534555644869682,0.3517760418004899
0.24405098279468254,0.3394759285252487,0.14750838750451575,0.14792497180348643,0.12103972937206652
0.2235620987844708,0.2427121655614373,0.18327033281051514,0.20028887267786916,0.15016653016570766
0.269755994660864,0.3971506854039445,0.23963305812180377,0.04715090716136144,0.04630935465202621
0.25696755215885153,0.26155623521365495,0.19829458869181793,0.23475946399714406,0.04842215993853159
0.3178662593820271,0.23705745136731188,0.15153092368168639,0.01786122085041975,0.275684144718555
0.04489863039421335,0.06358105030060827,0.2471076986432,0.30989077073488824,0.33452184992709005
0.09055866498118256,0.1386713084831704,0.2054426619699963,0.2829044767800607,0.28242288778559005
0.22833451654734335,0.3003454196715031,0.15128613808855654,0.2749784154929041,0.045055510199692894
0.22527738536065978,0.29851300362093175,0.0808463489034489,0.1419632138848068,0.2534000482301527
0.09954530481815878,0.28913602952140344,0.22112434212565013,0.2477911571796955,0.14240316635509212
0.31855824482367706,0.030165715075577217,0.10000495760002334,0.3586506139276082,0.19262046857311396
0.1470334170096889,0.2551285525250506,0.12726682750312765,0.2366257724567341,0.23394543050539854
0.3476816082222196,0.17550164508616842,0.2532727891250448,0.07450611162080022,0.14903784594576686
0.29653223279519003,0.29085859453053675,0.0034031980187210205,0.3673343949518673,0.04187157970368477
0.07357515369866816,0.12301300211302092,0.4308447565686636,0.2678316661939913,0.10473542142565603
0.4051821817961336,0.01154542854552814,0.07447742197633589,0.23520344087344333,0.2735915268085591
0.1778552586095995,0.24266261915037332,0.13227889478856292,0.16168318721547711,0.2855200402359873
0.07342271187876466,0.10318346993532934,0.22162503815922505,0.30740835084028045,0.29436042918640043
0.26491924315244103,0.1465669813574932,0.10726319975071194,0.2341372041951503,0.2471133715442035
0.16705877998701046,0.1372728060820962,0.37682230454965226,0.268941063971363,0.049905045409878064
0.29658768720853984,0.142495862486142,0.0880213709337051,0.195881243843282,0.277013835528331
0.20744174148585884,0.09628670120601898,0.1408284226229251,0.3411869607582416,0.21425617392695553
0.34884474856741543,0.02470986522395277,0.1963263770064359,0.14086793023341376,0.2892510789687821
0.0810569284757986,0.2534282374846795,0.15761641315394934,0.29686718800293127,0.21103123288264133
0.1465723341641952,0.29120735361560124,0.1915080929566109,0.18036599394773664,0.19034622531585607
0.17994199170629682,0.07214597833108152,0.1393770232361394,0.37656341825772605,0.23197158846875612
0.050585928138595894,0.3962911493046464,0.25156163351185495,0.10051873037306186,0.20104255867184084
0.079239193726538,0.2773059168509939,0.21504793855121426,0.29797246394286614,0.1304344869283878
0.15512331008334834,0.27676804459381804,0.23068182906406712,0.2327384964884819,0.10468831977028446
0.10325735909646533,0.11704304124907196,0.35807378298508985,0.1123726603237823,0.30925315634559053
0.23401063517743453,0.25938303283192393,0.31477974302899786,0.09421212525619332,0.09761446370545032
0.25404040099349084,0.17139118671355777,0.01532905799804582,0.20442459589439838,0.35481475840050725
0.24221552831728366,0.2513763151953244,0.21812071257134805,0.07110590570390686,0.21718153821213695
0.025492855460837502,0.24250996739773578,0.3136417888769765,0.14544605743726344,0.2729093308271867
0.24569871495982337,0.23461090704766652,0.23377846844507458,0.21584077023509154,0.07007113931234399
0.09067430969747511,0.09989090425044186,0.3388587250263425,0.25362050169561706,0.21695555933012353
0.2783551356969522,0.032575206833429265,0.19647197841271602,0.2133493994495924,0.27924827960731013
0.12257369710308318,0.18347479483475881,0.16604542452299856,0.21993575704367171,0.3079703264954876
0.3789345217769496,0.07890944815490211,0.11966037204930784,0.2803177161822644,0.14217794183657606
0.14998415036278662,0.23457128041987127,0.2977315126842228,0.16562311502923466,0.1520899415038846
0.042757382339590914,0.0657780153647362,0.3003949401625788,0.14550403906771098,0.4455656230653832
0.19579192704082188,0.2948138420848807,0.0939699436504707,0.0885749424617925,0.3268493447620342
0.2976609730244387,0.3471063440456143,0.006880940636018845,0.028909810965987662,0.3194419313279406
0.40012640582135933,0.0019330037342140585,0.06357542537599707,0.4406773813570481,0.09368778371138144
0.06518772219201491,0.24764442029113848,0.1856803233878972,0.27220746667305784,0.22928006745589163
0.3929292547921249,0.08911138153817251,0.3884923353503218,0.06899258819851295,0.06047444012086783
0.14568479630619524,0.27294963730481364,0.24915581390129962,0.24618264644191065,0.08602710604578075
0.019418513003123625,0.3067155082322308,0.22694167157624245,0.16112732753563097,0.2857969796527723
0.23083198480280043,0.3553956529158424,0.11560259506253032,0.23703493053040461,0.06113483668842239
0.07273560801364197,0.2248436444697497,0.2917817340078378,0.08801395155419246,0.322625061954578
0.04349635947041897,0.22088979700924943,0.26031855223007155,0.2589948786261498,0.21630041266411018
0.2497024475348167,0.2056396032155621,0.0675231107764221,0.12197605010559086,0.3551587883676082
0.1866811238955886,0.5030459172152066,0.010228502447799237,0.04275451411340298,0.2572899423280025
0.02337151176003567,0.26492187901102077,0.36287219055481523,0.2017181310051408,0.14711628766898763
0.3085690250417248,0.13414386412573043,0.2090319569518837,0.12430485660819829,0.22395029727246282
0.02596511194949915,0.03161700104062501,0.5260941004498586,0.009367946940859477,0.4069558396191577
0.2458633968296232,0.23686839501190193,0.030127363110787043,0.20070815188045335,0.2864326931672346
0.21894588302296855,0.11722510383860606,0.20328617757644213,0.2093352044495915,0.2512076311123918
0.2092259475258043,0.2659255260171027,0.12882699448940726,0.046933793707042155,0.3490877382606435
0.26811510397609345,0.15286748043468137,0.1746811205396072,0.08596864567156164,0.31836764937805645
0.1271923086407145,0.11154299581988823,0.21342554419294452,0.28799803575318905,0.2598411155932638
0.19684433757756262,0.06718824815182899,0.30706835406945576,0.27375209316676524,0.1551469670343873
0.30484336719788374,0.21449551920786214,0.07006444981230478,0.19883792011499749,0.21175874366695177
0.26286889748770786,0.14135930431898386,0.07348128276094991,0.23213385972024428,0.29015665571211396
0.15520094580953378,0.020883299018543758,0.378532342000063,0.035543563536907206,0.40983984963495224
0.3157804026813588,0.18715630682503134,0.11669096844771018,0.2137784944235132,0.1665938276223864
0.3136894826089401,0.2619199830268735,0.20787349732290092,0.18500687600615567,0.031510161035129824
0.09155463541742738,0.1254503602344813,0.44156414560314594,0.228855251923849,0.11257560682109626
0.17250864958251697,0.2752766923870572,0.2730950809592372,0.08326599481080486,0.1958535822603837
0.23124131920841776,0.24860431771744046,0.1308391496964518,0.13906024900834665,0.25025496436934325
0.048378756367278786,0.11573556154974306,0.4562119750454256,0.2156701092512537,0.16400359778629883
0.2792055832360949,0.2962433441632712,0.14368467769513882,0.07959663561344786,0.20126975929204716
0.1160480375283814,0.1460942734267714,0.006269793179056437,0.3712875653816072,0.36030033048418353
0.021597714749474112,0.0023625511842049387,0.04551346695376144,0.12983198693864023,0.8006942801739193
0.2419903823911655,0.30221293384609205,0.062151201347713764,0.2609712556522056,0.13267422676282326
0.2299313966951996,0.1470511162007123,0.27064202565500417,0.057425425185439874,0.29495003626364397
0.6244524816868934,0.02234417442358095,0.0742677499010736,0.10692677717706611,0.17200881681138597
0.16652466257623447,0.18649825444773,0.09545621253336484,0.2500473405834414,0.3014735298592292
0.22969912458800712,0.2006051161543414,0.10300245136635595,0.229443113978127,0.23725019391316843
0.09750484563069194,0.19695033089271974,0.14023675037711447,0.3866881592355422,0.17861991386393175
0.02085950525811931,0.3572056329070079,0.0075260278438988495,0.3051239588944542,0.30928487509651975
0.32139319419278617,0.3029830116114118,0.06693507131503475,0.14751090391761454,0.16117781896315272
0.13506569030025214,0.15022558319004156,0.33594856835963277,0.2548023391281092,0.12395781902196436
0.2385798172319591,0.3027821422040549,0.05184599706318507,0.25762987531632353,0.14916216818447747
0.204603626240264,0.16135739830956652,0.3295586660644582,0.23419651120911691,0.07028379817659448
0.35474572920199593,0.021609334774755642,0.16874744210310635,0.31102015549091805,0.143877338429224
0.36331818445112063,0.13999670072668133,0.1509793678281244,0.33706500024723074,0.008640746746842964
0.2776730607795692,0.241458519236251,0.06349968674411369,0.30141351330822047,0.11595521993184563
0.06809912772741034,0.1251325687323113,0.30933813919466846,0.16219964756722247,0.33523051677838744
0.3738969964539654,0.20675695153485893,0.04291239674981968,0.04533009974455311,0.331103555516803
0.22248657416666276,0.3818619118871964,0.3782936053176289,0.0042687159243732925,0.01308919270413854
0.016785333951062607,0.036480773179038015,0.026308273542311397,0.4548619657793625,0.46556365354822554
0.33782217260906583,0.22735670884029485,0.23232305761544275,0.15666112090402529,0.045836940031171336
0.18802762554598912,0.19312496768976334,0.06422759711898078,0.30816589031091,0.24645391933435684
0.34544659973747066,0.17110380463130748,0.08857331889595886,0.11818743822694273,0.2766888385083202
0.2515109546418494,0.03489578020757205,0.366045452577519,0.004834067529196423,0.3427137450438632
0.13063822552163443,0.04117640829409535,0.32598295207776573,0.30201334685469816,0.2001890672518064
0.20067549937503093,0.28962491452427985,0.20293472652213743,0.03966695556738833,0.26709790401116335
0.083025361105129,0.08029668180717058,0.2905011697518585,0.06541912945357618,0.4807576578822658
0.33223952804071644,0.03675216921121871,0.2757710462913455,0.31232456714428586,0.042912689312433416
0.15862134310055923,0.22138475727897655,0.28044116734329005,0.1609010213055501,0.17865171097162408
0.4528372281891307,0.17414567421646282,0.05019849355150972,0.12456112076206236,0.19825748328083442
0.10198894938042427,0.13450715103486707,0.18454290096672074,0.33647178084540375,0.24248921777258406
0.1362834017019829,0.14479867921396752,0.0895221384588388,0.34427711907719255,0.28511866154801824
0.31118069222795147,0.16749563517431856,0.32574876306973677,0.05336757869200116,0.14220733083599185
0.07401990115283323,0.13345689435918687,0.5093577778089924,0.2523356998301781,0.03082972684880943
0.12470953794044246,0.2384108417959048,0.07057080523417279,0.33999293142660564,0.22631588360287438
0.03147302961229781,0.15690852946173517,0.42462691420295673,0.07381158921713572,0.3131799375058746
0.24514953239673995,0.34077576962981604,0.2347983675948319,0.11948080581199932,0.0597955245666127
0.25542069064390527,0.31355234639516283,0.09786306289341552,0.16356110902568494,0.16960279104183162
0.1696911929753723,0.24391376862192457,0.08359739660413439,0.17112418070197122,0.3316734610965975
0.11032961705950708,0.2673205073837307,0.3443089529794762,0.14301350187278405,0.13502742070450205
0.10293046776746388,0.3084632695934089,0.0843741414088675,0.1816516652817559,0.3225804559485038
0.4559544227603986,0.1354733549301382,0.053598926526030634,0.03339523971557965,0.3215780560678529
0.24690554884879434,0.0031357531537061765,0.06279766783729089,0.5283394912684788,0.15882153889172987
0.28245991618013416,0.05231914301907753,0.11612846747761184,0.03685243209407582,0.5122400412291006
0.11212098893097514,0.250799115377715,0.12176163064175906,0.410895063354975,0.10442320169457574
0.3016989427713909,0.1921153820098815,0.17953157275871626,0.07659786748889624,0.2500562349711151
0.13703962694533064,0.3383236606365442,0.1316557607855395,0.021718589800934496,0.3712623618316511
0.2264200608547665,0.15524361754769947,0.43143377580513625,0.022287635948347203,0.1646149098440505
0.13592856080441063,0.13645399643152648,0.1587127871617674,0.23206552520086465,0.3368391304014307
0.14997414442453813,0.14981213202606697,0.2163086155847412,0.19127067960972632,0.29263442835492737
0.1920135643112999,0.3928324615900368,0.11526843976016135,0.18389756826382053,0.11598796607468131
0.03591480709941069,0.3863824022865745,0.32938327480222707,0.06261370566391122,0.1857058101478765
0.21601044676757628,0.218400761511064,0.12995448522363226,0.2811897280661281,0.15444457843159937
0.3254913633436737,0.23750204688762075,0.17066830188945448,0.12458735221329295,0.14175093566595812
0.3853762888954637,0.10479991715508492,0.12475861507718843,0.33787733850670915,0.047187840365553825
0.3148806533630432,0.17054561246305416,0.2533497540296585,0.1045318318527815,0.15669214829146252
0.21163465626043912,0.2310925355953394,0.13993701841576692,0.1874476404944201,0.22988814923403442
0.09517841222280486,0.06310684258284266,0.4119505524335843,0.32311644101243814,0.10664775174833009
0.2451019380393037,0.179740292356789,0.31224424793430033,0.07989283146399001,0.18302069020561698
0.38696299688250324,0.14900376251039793,0.1963137417058756,0.21283689144054466,0.054882607460678565
0.1688542282344315,0.25855967572624305,0.28327051338899,0.03488066691160681,0.25443491573872856
0.31039247032998846,0.19192862573920869,0.03390962699802951,0.2271586059664266,0.23661067096634675
0.27659015080539573,0.02257951207758543,0.036899325861533085,0.3547331408117672,0.30919787044371844
0.2680697194687337,0.08839086718374217,0.29330013394014687,0.24325037156193363,0.10698890784544357
0.3586629595259048,0.10519265202652567,0.0710919076743961,0.23537567343669688,0.22967680733647647
0.24463210969900032,0.2794636627840126,0.037670155700602795,0.2513949824565679,0.1868390893598165
0.42675422142434244,0.11225194052209381,0.3236033286449525,0.006760462205732217,0.130630047202879
0.009089471126755063,0.3936616036417302,0.12336155304220686,0.0646544918844447,0.40923288030486316
0.17553868856454413,0.34704709602059347,0.007397150897318729,0.2909955299188461,0.17902153459869757
0.11704552871389447,0.4961651675907318,0.05862576536522367,0.050386224940045764,0.27777731339010425
0.16855011791737143,0.11075468653756676,0.2412153764807764,0.3901432596912366,0.08933655937304871
0.3471790501686301,0.08090490111647189,0.18919891614335455,0.10438807888005014,0.27832905369149347
0.18143292396544808,0.1026169753793176,0.20740054133909644,0.3917656439305604,0.11678391538557747
0.21984313205612704,0.15999074581552186,0.16904234300705864,0.25308155248331843,0.1980422266379741
0.18235821912195566,0.06719839899057964,0.31832793988471225,0.23561897125262518,0.19649647075012733
0.41867026291835957,0.15018465961156546,0.061258562818216275,0.24056216655302814,0.12932434809883048
0.18465984024566173,0.00023146387056300713,0.5199691325659401,0.2541453485142526,0.040994214803582535
0.1935422622919392,0.3606193890030023,0.14612948410670842,0.11329372796498016,0.18641513663337006
0.09136517211315741,0.047674169897758176,0.37469053922058465,0.01383175479160699,0.4724383639768928
0.24019792585133612,0.33834837613262636,0.08897738098653421,0.040731519769239395,0.29174479726026403
0.42894493881707374,0.25623631943679104,0.25806836586345416,0.031802859587561134,0.024947516295119914
0.1688899979120856,0.17953259129577367,0.041492964997983446,0.31425486321961393,0.29582958257454334
0.303370145185192,0.32111935630110316,0.1163467452393983,0.042792304007578774,0.2163714492667276
0.34394961746329894,0.06319273589713484,0.18517816431929823,0.11500869185245771,0.2926707904678103
0.2078798386026314,0.31997705774461727,0.21354958234971075,0.18953406051747512,0.06905946078556552
0.0008602936775687458,0.19768924881451397,0.26131772441455187,0.16667416747911656,0.37345856561424884
0.2133626263548637,0.3486604600404685,0.0937739400222308,0.29548362353093893,0.04871935005149807
0.26042283205564487,0.24181998798247392,0.047379863086525274,0.22698838962221893,0.22338892725313708
0.2557507067056372,0.1441567484512099,0.07341624859932695,0.27218990751885724,0.25448638872496865
0.06690240038368094,0.24611701093487667,0.40339689425848735,0.10416763636493383,0.17941605805802113
0.04491335826203696,0.24953350380687125,0.21381603667562032,0.1246116225918761,0.36712547866359546
0.15723133376530157,0.284059994216122,0.25525251848038094,0.20849107650806226,0.09496507703013321
0.05623152837965716,0.25000876174291414,0.22669845504138275,0.24859512751046348,0.21846612732558246
0.21690613322145808,0.32809841653286265,0.30233609287860774,0.07496689134685611,0.07769246602021541
0.31598295541303045,0.10085256556801758,0.10878109861368958,0.27596160926946256,0.1984217711357999
0.20300784362329582,0.3473304418819048,0.2659411200554862,0.019411221625325374,0.1643093728139879
0.11676224077160058,0.1420939462080233,0.20416531486734096,0.3155782788340659,0.22140021931896925
0.16697152898326442,0.016268488422192473,0.3619140152945205,0.0914770944470791,0.3633688728529434
0.28448478573220304,0.2482733966405824,0.10751413349919542,0.26087636440184325,0.09885131972617599
0.3006363529893101,0.17823868308929797,0.06655018808056531,0.053201046439352195,0.40137372940147437
0.3829279155312951,0.2796696808059994,0.11088393080603069,0.16922545212036422,0.05729302073631046
0.14461744437424356,0.17801581211856835,0.28249539240471916,0.25700378635546023,0.13786756474700856
0.2280855469734412,0.2564192156873092,0.27045280117053155,0.074152510373325,0.17088992579539314
0.005293254570626252,0.3467848771074986,0.35085452607654033,0.0949577011756771,0.2021096410696577
0.08585250330472878,0.4168855740756239,0.19513539347691514,0.09104875952346775,0.21107776961926436
0.4466010542977264,0.0963450064992144,0.21623024703423702,0.1133478653837404,0.12747582678508196
0.21731572484108683,0.3203354753441127,0.07363059838577399,0.26040877940687646,0.12830942202215
0.0805606795772363,0.040110191029146,0.26372571637342257,0.42181190782112093,0.19379150519907418
0.2638784184462599,0.2514580375700649,0.19263339297299895,0.2516127055524767,0.04041744545819935
0.09279485045296426,0.3054217037077184,0.3027407261556394,0.18271252803488963,0.1163301916487884
0.06231583425480928,0.1384528244430463,0.28277118734684265,0.09065626570439239,0.4258038882509093
0.1441981558812327,0.24241333467710705,0.06127213005666103,0.3237123713029096,0.22840400808208977
0.3550816271716393,0.09221737970414473,0.009396145851316979,0.012416714781483523,0.5308881324914153
0.04867804339846479,0.12957872776195353,0.3673457599472853,0.21474457750471562,0.23965289138758067
0.15398293577917121,0.2676389004507894,0.23306362423204174,0.10664981001639925,0.2386647295215985
0.21890179751490793,0.24619372413638593,0.31284063905342985,0.17269750664275393,0.04936633265252232
0.20078253185469666,0.02950813728993252,0.0185422938989974,0.10160030001203631,0.6495667369443372
0.05491328511855488,0.2245874684467107,0.1875845897874298,0.28709392402606687,0.24582073262123771
0.29936487532949635,0.27029813320931373,0.1334874189889289,0.004013639005376575,0.2928359334668846
0.2728416401614655,0.1444372256899182,0.1511938720916521,0.21120237049018406,0.22032489156678015
0.008151914550945006,0.12438276598200376,0.28486505238086146,0.2724510781916423,0.31014918889454735
0.3639842746871757,0.054827660529267665,0.4141441650539547,0.00920787920176248,0.15783602052783943
0.14099349983928217,0.06213505906551806,0.196279102354132,0.5405800708124755,0.06001226792859231
0.01761517863501913,0.25707543054197785,0.422986305270972,0.2019210685807052,0.1004020169713259
0.15157884184019352,0.12929401425527468,0.27483703697099615,0.4411939730581663,0.003096133875369357
0.054312077494306985,0.1820812500603582,0.18649359555932896,0.31341921281334323,0.26369386407266254
0.20180858778759092,0.20459146821670038,0.05237573267922486,0.24739212075864073,0.2938320905578431
0.3211077137030524,0.35752941548032463,0.042931844201136875,0.12865271361898103,0.14977831299650496
0.2316091732856679,0.06470461243053778,0.23785075010609819,0.2684821262981343,0.19735333787956186
0.06584071113977165,0.23178766460735956,0.3800047247204326,0.09418065502728937,0.22818624450514685
0.2535547458979919,0.2268539135312131,0.13681184795150067,0.2842430278629669,0.0985364647563275
0.23324856253649245,0.19454278551935414,0.3348578403536761,0.19097254282388676,0.04637826876659053
0.0995989511499536,0.18522479923269178,0.3025247001944461,0.22333441946773638,0.18931712995517205
0.3914241877026353,0.029215600029355138,0.08136743479342551,0.24627007541492027,0.2517227020596638
0.2419303351325238,0.21303918708836952,0.4910377927968029,0.03330533811349235,0.020687346868811303
0.29438037770481446,0.09384763812257066,0.03589408499102773,0.36316010991682773,0.21271778926475948
0.19177991193276844,0.32996724274348926,0.08561716943051001,0.0872380948027213,0.30539758109051107
0.05669773903343872,0.005527140037134592,0.22254998185864822,0.36548107690716963,0.3497440621636088
0.21284995486797795,0.4354665079233689,0.10253575686122933,0.21680746753656088,0.03234031281086311
0.2632653275189207,0.1457110657545802,0.291039608907183,0.180424503263451,0.11955949455586519
0.285829008491281,0.275481858567225,0.21448652134649224,0.046471021912816074,0.17773158968218555
0.495019247445886,0.18124396124322115,0.06849418647418426,0.21557313203359038,0.03966947280311815
0.018451422369628354,0.15639076942854815,0.3677438751444627,0.2771256242312162,0.18028830882614466
0.26101176543094134,0.1511534066514538,0.12646338115292763,0.2694283579809458,0.1919430887837314
0.14778765353621798,0.32625268681838687,0.2810661572812159,0.15456956360606425,0.09032393875811487
0.138665528877304,0.2652187698090832,0.2755961184233186,0.1806120338334631,0.13990754905683095
0.07416530924418523,0.3019925949306322,0.07900716093182444,0.15694111582798403,0.3878938190653741
0.13649106750913748,0.2741136470972576,0.11457352910279378,0.34389269327497207,0.130929063015839
0.15431202214089346,0.3427374393036294,0.1925922232509156,0.0038149064753279817,0.30654340882923364
0.2823717403830706,0.10923316508574311,0.34771139258160666,0.1790313324819407,0.08165236946763878
0.09683948668845581,0.4480036265531938,0.3560241504737318,0.004869539110365839,0.09426319717425284
0.3709137225859966,0.04611679959723194,0.4194694796290923,0.1604456645133313,0.003054333674347757
0.11058492407776278,0.28169696802158894,0.20111554620399066,0.21096806641794794,0.19563449527870966
0.19613617011190063,0.14241848854646008,0.30830595228509855,0.0793575743545735,0.2737818147019673
0.2976079384894954,0.3241362673014461,0.00038805690807592697,0.12469397960533014,0.25317375769565253
0.05097835914632538,0.1258307132559441,0.30752131675413896,0.37523085068555956,0.1404387601580319
0.1366003479656884,0.330221778147718,0.33168430486790146,0.03428473924177158,0.16720882977692053
0.28848320554738527,0.18591396882904151,0.25213970666736446,0.18559150165570287,0.08787161730050584
0.18597097034651391,0.06926782012913675,0.13325626372107932,0.317862315777827,0.2936426300254431
0.2629400062807992,0.21450475822455278,0.08759036083817222,0.21705248298243726,0.21791239167403853
0.06807905609459067,0.31779646303594056,0.19625679277158545,0.07517873301541741,0.3426889550824659
0.18801025667986623,0.2999501747275225,0.22368157296705526,0.26571884669437573,0.022639148931180294
0.2926868440650509,0.3073619771817382,0.3473795905180482,0.03739879997459018,0.015172788260572586
0.04961834083344876,0.35140458327887525,0.26526581661602655,0.03015527008962944,0.30355598918201987
0.20957500530019774,0.2660123391975797,0.43881836129417434,0.022788538025220777,0.06280575618282741
0.05400108031837681,0.5358492192000368,0.00142879671930353,0.15960716987026163,0.24911373389202107
0.20933476627793118,0.20081677748619137,0.2132950581942435,0.20480249069232434,0.17175090734930962
0.34594334055812737,0.2575318540844683,0.05995304935827833,0.07746707845386133,0.2591046775452646
0.07967968674475968,0.32682165172453737,0.21831627054179126,0.19873511043826483,0.17644728055064685
0.17859138534795246,0.031564148629172534,0.37224307303223336,0.18229122997873518,0.23531016301190652
0.023187482609028018,0.2516337771913882,0.3993760187957332,0.24381245543763078,0.08199026596621964
0.16699475862016266,0.0894936711431725,0.23151556741781043,0.4969838028688598,0.0150121999499947
0.2335244454429463,0.2721724436966311,0.029580342500734318,0.23681036780845738,0.22791240055123088
0.056236578458579684,0.31085479355575996,0.1129825935494955,0.24971403095672282,0.27021200347944196
0.07734023323260696,0.328426941855379,0.22688068410302262,0.30061390504482216,0.06673823576416933
0.1867359129092513,0.20167859472876642,0.0028952469220174743,0.29019384081441146,0.31849640462555334
0.1377183857390744,0.007256799738923814,0.3705094601605375,0.26829227750087326,0.21622307686059092
0.22719344774733863,0.1387333722675331,0.26623184502430847,0.18214915413688057,0.18569218082393932
0.09826827261494564,0.21387746167269944,0.35541129750306577,0.3106232569675975,0.021819711241691617
0.1276031949556321,0.33671629014253424,0.09252441041814842,0.4142582438202338,0.02889786066345138
0.29964121910465086,0.3171245792750108,0.13305396389681637,0.21333636820939494,0.036843869514127006
0.024344930782448877,0.43046739268059797,0.1094999856642015,0.3489633701284409,0.08672432074431077
0.17385546167381521,0.05344633805612843,0.20266222683726184,0.3577204661323048,0.21231550730048984
0.29149837442504745,0.12041537678937367,0.033858156365447936,0.29641847004351696,0.2578096223766141
0.12280686915885315,0.28913280782835304,0.19028207770393019,0.28914663185059514,0.1086316134582687
0.1253180322255741,0.07259344482785886,0.4126676826336496,0.1507413333906544,0.23867950692226295
0.0071839084744154975,0.3602888971485529,0.1389881801639832,0.10003793333224878,0.3935010808807997
0.2773984019321988,0.2536836849682374,0.07561041038458585,0.17593578184429987,0.217371720870678
0.2739554131447968,0.05351408797203183,0.27485028358931923,0.18521978599795866,0.21246042929589348
0.07371884084093405,0.2745541349801483,0.2580919848933193,0.19865648140137615,0.19497855788422208
0.3297184444923171,0.2748635097702991,0.09478354052131645,0.011353651995321254,0.28928085322074626
0.37610714498202186,0.10322679523525345,0.13913658694315678,0.3325121742497178,0.049017298589850176
0.09588765889998509,0.21842443120985375,0.2460086592655028,0.24061848724488022,0.19906076337977804
0.08831403629553712,0.034232857244130055,0.44736447094406484,0.21815017760663746,0.2119384579096304
0.5719865846064461,0.2025783901471136,0.0835819887475255,0.12393054444306381,0.01792249205585102
0.018664015951266735,0.18928799251421485,0.37421210931139803,0.32075111075239826,0.09708477147072206
0.07918816010556765,0.29614847215772017,0.03429089414506368,0.20282320026732695,0.3875492733243215
0.17741080621155852,0.21647093895626404,0.11228255271284421,0.23309553557905446,0.2607401665402788
0.2595405108620335,0.057850490313355145,0.2671883239774457,0.3391542030690669,0.07626647177809898
0.005898971585796643,0.1825320288641861,0.3387247447830131,0.11135382369774854,0.36149043106925566
0.3081494533777529,0.28203697671332395,0.023783055141855844,0.14360049650924855,0.24243001825781876
0.11326785842542644,0.24055652380803508,0.4259728072563843,0.20826691951885032,0.011935890991303726
0.2752449052112117,0.1292959758035831,0.26723139714976546,0.157209477918891,0.17101824391654888
0.33688609158876176,0.12081151665282393,0.06596415545441713,0.12970099779751793,0.34663723850647926
0.030332993862300626,0.3151566978663584,0.16709540462458805,0.038471452712254633,0.44894345093449833
0.0035635404287428156,0.26823304054430686,0.2421942543355711,0.21290298631208615,0.2731061783792931
0.15849362668393496,0.26997652681925755,0.03550218642135379,0.2642690925439374,0.27175856753151645
0.0826455348331156,0.20955059476310456,0.05055008438077811,0.2418843954032905,0.4153693906197113
0.1943928576009537,0.21815905419295592,0.18881437100680534,0.20325610776526104,0.19537760943402394
0.14361609586263577,0.27174961693926786,0.13412991789642062,0.20735518250342372,0.243149186798252
0.15833673276523905,0.12118468408230415,0.21338512942859694,0.22753261902964397,0.2795608346942159
0.1780791290748279,0.2904424278622996,0.16931870954023376,0.2975663807017142,0.06459335282092449
0.11012636444782653,0.2893421238529692,0.2686232759907979,0.11644956290599526,0.2154586728024111
0.12146164369232462,0.2610419451172318,0.25402121279402984,0.2563186170915199,0.10715658130489389
0.25770356342489825,0.048781807704566665,0.17032439376249284,0.19054394731477334,0.33264628779326894
0.2307444340407764,0.12407331836619642,0.10585493977195663,0.3622577759203152,0.17706953190075533
0.3514101566054368,0.34965764671791144,0.02954495505360536,0.02116153073900592,0.24822571088404047
0.4013343138600206,0.2723865196517212,0.1903736791586291,0.0335983867474844,0.10230710058214455
0.05840934486188281,0.09854754392663873,0.09931948104171519,0.3160112486492372,0.42771238152052604
0.0538200477917226,0.14312667926706704,0.15818528839318333,0.4527371914354788,0.19213079311254821
0.13803350160331693,0.3479433886018462,0.07697582412362047,0.1333965467890567,0.3036507388821596
0.3284551854282165,0.029715576059687644,0.398775962456242,0.2427089595321866,0.0003443165236672327
0.3592169838554513,0.14834387491305523,0.07862851989206705,0.13777985867872822,0.2760307626606982
0.2634603843846984,0.13974093791566292,0.12176260453342323,0.241892599014539,0.23314347415167655
0.36142956522136555,0.13158959027733932,0.3135779832302855,0.14719595332271063,0.04620690794829905
0.2620306216562359,0.31829298747354234,0.17754748402088805,0.02491089244778014,0.21721801440155336
0.42405012447122775,0.011074852813262549,0.04008614509529405,0.15928757712758568,0.36550130049262997
0.34837476115373817,0.09048124031912907,0.17513970929755412,0.23124745366861,0.15475683556096848
0.14668046230824092,0.03863188839236946,0.3499665749852297,0.23693366739872618,0.2277874069154337
0.01350347221653213,0.0029095828650701266,0.2915542074547146,0.2376298467305517,0.45440289073313145
0.28314883084316755,0.11574509404356949,0.1722003682660219,0.20352315927375006,0.22538254757349085
0.331927713583701,0.07222179944324233,0.24622178926210458,0.21827502893442757,0.1313536687765245
0.38597413109714623,0.1516032075450526,0.16213149899097992,0.25025413822298825,0.050037024143832994
0.22156293875002872,0.27753888431769175,0.36400521854344026,0.03850150849541975,0.09839144989341962
0.26678663134387726,0.2681725917129926,0.1641583217009134,0.13813477348638167,0.16274768175583498
0.23622249962866132,0.12512386725986782,0.20226442264931963,0.23432540829411244,0.2020638021680388
0.08696217001582306,0.33194101251783664,0.10611966480639674,0.29094432296596934,0.18403282969397422
0.30545227799978975,0.016835606413025617,0.26778533898953494,0.38228047122149933,0.027646305376150312
0.10910965915063166,0.19423629630953507,0.23136086554786914,0.2558029219854777,0.20949025700648638
0.18877938953994783,0.19610545120300732,0.18441472043189297,0.21823609314400036,0.2124643456811517
0.2668596110486747,0.09881178316063394,0.12898683588453738,0.21019901437394925,0.29514275553220476
0.2194190538435703,0.15337630210533895,0.2332443357278292,0.20389098227098082,0.19006932605228075
0.25172722227416167,0.21501808089461444,0.10192177062486872,0.27989273635982104,0.15144018984653398
0.16299842925682428,0.30279987852646395,0.2500459939927694,0.2069616438997243,0.07719405432421796
0.25894278865667625,0.21245111774499678,0.3388613372540332,0.1410259941888806,0.048718762155413424
0.22076968978727213,0.1331783009377956,0.3332439509554263,0.048885039382585226,0.26392301893692083
0.2970146495912413,0.20181850773083249,0.027222758080674887,0.23022859904146808,0.2437154855557833
0.2358254386201334,0.0818749505445744,0.14582471601556946,0.2416418484001346,0.2948330464195881
0.28095699313718403,0.012406411637486684,0.2234607067250098,0.26765441367997483,0.21552147482034473
0.08675239108618939,0.2980369281599689,0.19897887827497873,0.16953108377299034,0.24670071870587262
0.001733394778103651,0.4015988941660949,0.33265816678362126,0.1454952659860643,0.11851427828611596
0.2294748028949747,0.09736230018072214,0.3032057114337237,0.2942781529928866,0.07567903249769274
0.09973607305963647,0.29982876725284546,0.2007197647021022,0.1266243103760901,0.27309108460932585
0.08520227858465805,0.23579440714559075,0.25400807664671887,0.32602468175087396,0.0989705558721584
0.24041697960886954,0.08547279839956692,0.2212211958500558,0.3651887636217921,0.0877002625197156
0.33269545611967455,0.015153239022253044,0.001004210101771213,0.11585481921508753,0.5352922755412137
0.27517476635517896,0.3789603609314581,0.12458335096094211,0.15579627770744658,0.06548524404497426
0.06111508430591653,0.24376499452271605,0.2944677309166363,0.26684403357964315,0.13380815667508789
0.30527659556577663,0.07534543325176309,0.13033062171477108,0.31552015225369356,0.17352719721399557
0.23879660859800844,0.07439011085620723,0.253651980023107,0.21569161649690644,0.21746968402577074
0.17766567766655178,0.15270822969405481,0.11500338106836984,0.3821797026558402,0.17244300891518324
0.39846328867880687,0.012751270286390703,0.2057742729079813,0.22345481757188138,0.1595563505549397
0.09686310076861612,0.1192722774903954,0.17071713009970144,0.3452134743141223,0.2679340173271649
0.16872594599010884,0.4293820258045218,0.12932335104323373,0.022941873692071797,0.24962680347006397
0.15171896799865142,0.26488675685439994,0.0923303860294314,0.2726071176610603,0.21845677145645687
0.01908363494930433,0.3668343355289635,0.43992811927581493,0.06901436583195289,0.10513954441396435
0.2959516533609533,0.13427369453315333,0.20982687378237883,0.12651638292826176,0.23343139539525284
0.2495129823138118,0.3131901677699341,0.03675490291675735,0.07001588615464396,0.33052606084485286
0.5401423042574534,0.0638385272777085,0.0680379633355764,0.1961698106575664,0.13181139447169518
0.17447072989635642,0.29034116240868557,0.31977884474252727,0.13768305028628944,0.07772621266614127
0.18102015956969184,0.2113246446630884,0.2911139560293629,0.07860245901091274,0.23793878072694413
0.2425872124391513,0.21134880070631906,0.31828712723032665,0.1664454452459799,0.06133141437822302
0.026164191873259437,0.10389236372143543,0.10294260222218113,0.3871431011328193,0.3798577410503046
0.14568536132078444,0.2000177721900073,0.2425737473980771,0.3963293816195826,0.015393737471548449
0.028031967965392167,0.24107900691935866,0.12107660430025692,0.01805929949724462,0.5917531213177477
0.24117568646817508,0.13497706330623846,0.18949503679181823,0.16569646889303452,0.2686557445407337
0.23192034144315585,0.29094433041396134,0.14538999349160237,0.07777542905387246,0.2539699055974079
0.05965533916656754,0.3417432020903261,0.4075269511149958,0.0976583179376027,0.09341618969050797
0.08112875856297629,0.13047635437117444,0.309802557848241,0.3329577984880225,0.14563453072958585
0.16370439346381482,0.20013126336401574,0.22969380204719814,0.22308471754394057,0.18338582358103067
0.1862959922069486,0.17340327290565052,0.134474349828557,0.2792944822329403,0.22653190282590355
0.2723619538770628,0.32539658636745344,0.04553698653054929,0.14461064695576814,0.21209382626916623
0.24661682831215853,0.1213754557458554,0.3933134489323618,0.20400068201893234,0.03469358499069197
0.2722844446868231,0.05715264924217029,0.11270892709406002,0.2096598713688799,0.34819410760806674
0.1488442664003126,0.23280090660173205,0.2705903141262635,0.22111811787049923,0.1266463950011927
0.30804467575093963,0.10867561734371196,0.22574670451056641,0.26581464125429805,0.09171836114048414
0.22060087310082852,0.19318896654838935,0.2164903418011627,0.11393420082484947,0.25578561772476993
0.1666626160930973,0.28735037977362804,0.20536047957884584,0.02763352493499255,0.3129929996194363
0.137400618743723,0.2407604500613586,0.29739747657351573,0.12016521259069082,0.2042762420307121
0.2988134146998964,0.2941909610972228,0.21852382601746792,0.03827666191771818,0.15019513626769482
0.1771130155258975,0.3085141140496862,0.29652318424475393,0.031051939547692857,0.1867977466319697
0.3012040759962485,0.2603060759281846,0.2178830653407026,0.16857787239280672,0.052028910342057595
0.23834076383511582,0.13927048455101773,0.416482605745693,0.1554056259103672,0.05050051995780625
0.10548958053794723,0.3516255151923632,0.37236552937950307,0.16977274652726604,0.000746628362920518
0.26377715992918854,0.2672296284225496,0.04066565340669193,0.1327088697082118,0.2956186885333581
0.22829643028688038,0.15237386906467712,0.15960769804834984,0.20224585746163953,0.25747614513845324
0.3287326099373061,0.0883194287846912,0.21216411619405898,0.13284662162441668,0.237937223459527
0.2724964410042871,0.3426874036203508,0.2330082066684775,0.11816464642015169,0.03364330228673284
0.15069684168217967,0.16404877225130116,0.17192939792674117,0.2649174418273704,0.2484075463124077
0.25998576415089103,0.30519679145361167,0.33689202842624527,0.036696058606097724,0.061229357363154116
0.20695060645373747,0.2730606941046161,0.3144093013902462,0.014804614887472424,0.1907747831639279
0.06643985390272582,0.4028220716406995,0.1314696768473068,0.11411434049085559,0.2851540571184124
0.2793740450846134,0.17653139582158608,0.3561830426820217,0.08041247518825057,0.10749904122352825
0.17568416686405736,0.2689271217171647,0.07715732038766418,0.19369940771520017,0.2845319833159135
0.3477220490669029,0.07530664898539643,0.27559210058022604,0.1287614453086791,0.1726177560587954
0.20446835339301986,0.16447286232698083,0.06168527004087645,0.3655173963022913,0.20385611793683156
0.04656101553575433,0.2575505776481324,0.18572454824235327,0.21285131685171274,0.2973125417220473
0.12939988750473475,0.04105315247502835,0.14265933617792073,0.41763458404915693,0.2692530397931591
0.08256872273294986,0.1275428857945637,0.2625593075234103,0.39727432362808895,0.13005476032098723
0.03857768391540738,0.304533518994992,0.14424082105567929,0.27802264922567677,0.2346253268082446
0.08087299676512394,0.30346971437838555,0.18990943755837938,0.26644700813609346,0.15930084316201767
0.31871329675840077,0.1292255091548991,0.3960540656817899,0.08292561964562335,0.07308150875928686
0.009871749319621906,0.047356357219260826,0.16371635887425565,0.5508766898949342,0.22817884469192745
0.3030732331272526,0.4353788384046987,0.12869520894056755,0.09833450035515541,0.03451821917232566
0.005544429621161173,0.2990511636331246,0.052867495012389853,0.31972505470664575,0.32281185702667864
0.056066769511890095,0.3354244155003108,0.3931829831371504,0.15012990597369327,0.06519592587695561
0.303492297514513,0.49259748349566995,0.11520737802556481,0.04134166701386743,0.04736117395038476
0.04319852731447454,0.17103842572430897,0.20568749948096046,0.33541331158278015,0.2446622358974759
0.33751503642451536,0.1367163396323728,0.09599958937093407,0.06388150685266086,0.36588752771951694
0.27932799039592543,0.2467132731206809,0.2090823696566141,0.06052914407934354,0.204347222747436
0.08311887960456156,0.07049503868097519,0.28842393624724744,0.4614699504099501,0.09649219505726565
0.15522166978171734,0.11584158959008373,0.37344284827479335,0.33680610940894745,0.01868778294445818
0.037395474451108565,0.37138067633228344,0.12927537267525577,0.11038743966272099,0.35156103687863116
0.12512819110085366,0.2619514159473301,0.13334129972952774,0.22210677934672354,0.2574723138755649
0.12829933945153765,0.02503317763039708,0.37626711900058196,0.3170069286060161,0.15339343531146707
0.20459416231690417,0.22288910396935252,0.05507073134927498,0.26692129635837575,0.25052470600609256
0.2275226777098296,0.3472058015823497,0.3412403868258516,0.007827607346733188,0.07620352653523603
0.1807523398712292,0.016872469616994432,0.27547730069586723,0.24386758190326108,0.2830303079126479
0.40116350012022295,0.3103415037287042,0.06694275178764583,0.007336901600099376,0.21421534276332777
0.3951065320781409,0.04159464072683041,0.43735066119885185,0.06408629224510846,0.06186187375106843
0.44816063415301743,0.06584219183580421,0.0622580955648427,0.257650740077578,0.16608833836875778
0.13801195537613276,0.2879616743989074,0.14567682692705772,0.026189977035203472,0.4021595662626986
0.38505370118353377,0.06554453102510831,0.23031517509128643,0.11206879951438728,0.2070177931856843
0.2461567844427299,0.0683620009786809,0.2660621110296999,0.13786758249990722,0.28155152104898196
0.1851497293305976,0.23630096318257968,0.04195451303094531,0.09081262548516328,0.44578216897071415
0.35590916852811383,0.006804778372176529,0.15455765160391782,0.1333467574119079,0.349381644083884
0.2147004663002398,0.12326228596068706,0.2712544468601209,0.0963882180370787,0.29439458284187353
0.18669476676586963,0.08760325755821936,0.1920902469847844,0.4447200836416467,0.08889164504948001
0.06686819991351596,0.050231507612101406,0.46151091676893663,0.33181000116975057,0.08957937453569546
0.23189128154596328,0.05072073473478145,0.19255562202206197,0.27026771670865396,0.25456464498853937
0.16418332015592513,0.003579582921941403,0.036814337241979175,0.37411238925660295,0.42131037042355135
0.2897976180077169,0.12457969367290266,0.3144660627505979,0.21562325428160709,0.05553337128717552
0.0891838546540228,0.03328952058253686,0.25800184214878186,0.3756807132459242,0.24384406936873423
0.36894860298872145,0.2713297313219217,0.006720689448118001,0.2871571211760048,0.06584385506523417
0.11558207311948934,0.279299997615941,0.3450659018445095,0.20543672069262264,0.054615306727437564
0.19350934463855043,0.20208248756332367,0.3284431267145953,0.004320671211482865,0.27164436987204765
0.12820069597232034,0.2663757520036714,0.19659293866726474,0.23471940045292006,0.1741112129038234
0.13581460530903158,0.13942819886409902,0.33365888290188706,0.05518059113194361,0.33591772179303864
0.05119482668576936,0.2070170608988267,0.2633020436251642,0.3424943412174958,0.13599172757274386
0.1543329106020559,0.22705129403386753,0.2453124028957054,0.13259634229005407,0.24070705017831712
0.2938027910602403,0.19778693177515483,0.2668330046966065,0.06909406654424964,0.17248320592374858
0.03868474339485026,0.35634610379676557,0.17034533391280995,0.08205586557780425,0.3525679533177699
0.13961677327008865,0.3679225487320755,0.0979609040505972,0.0866198222040637,0.30787995174317484
0.129860848577564,0.03022581475599454,0.4147618137345407,0.3169889596933972,0.1081625632385036
0.205510819767918,0.1320173129232339,0.08631046892487074,0.2834664139370567,0.2926949844469207
0.12367197493868214,0.38421897063637733,0.31689431343040775,0.013613095575809846,0.16160164541872288
0.11858924716432925,0.30572411103490715,0.3154511666109868,0.031391823338427646,0.22884365185134906
0.09406081997699135,0.2323788712792347,0.18690583670026137,0.20265723285282766,0.2839972391906848
0.24799029129897168,0.1801130855413079,0.04136672810064089,0.2473902776229971,0.2831396174360825
0.07964705042290407,0.12492876520265532,0.005777975776283327,0.6135290635442903,0.17611714505386697
0.14082619447190411,0.13903288293163826,0.27110976318281443,0.24814201470985642,0.20088914470378685
0.15366811451376394,0.2695286091340103,0.02726330392856132,0.3269988122430861,0.22254116018057846
0.18783429648770836,0.24507811616548433,0.2926600039517955,0.19034560264908118,0.08408198074593053
0.300525044306688,0.2972598489584788,0.04587568372211509,0.2425413120234164,0.11379811098930183
0.28573305669528637,0.19157451218989138,0.19145413076924747,0.17071612237023678,0.16052217797533813
0.15272711290312949,0.13365202929763192,0.025166294525310946,0.18910819195532505,0.49934637131860266
0.1868806929633242,0.07238208272714193,0.1628053889235965,0.39764984869274683,0.18028198669319062
0.18319259474311986,0.11308149107035799,0.1794887743674454,0.24562145764030463,0.2786156821787722
0.14671688999880333,0.08605650024314233,0.3631602262198891,0.06925932732144141,0.3348070562167237
0.2620455729692372,0.0704697391614649,0.21103958561999434,0.09625282969714868,0.36019227255215497
0.5049895158583361,0.11223484625070189,0.0501168131857696,0.1328513388138469,0.19980748589134553
0.23061199416974149,0.2547737802338116,0.28063851280784047,0.12819771627174123,0.1057779965168654
0.2883233410226333,0.15007480912731033,0.16584537144560538,0.2329333481866071,0.16282313021784392
0.021964971237371796,0.43589936436837773,0.24634024238124952,0.009428457498382973,0.28636696451461785
0.06951819307538035,0.30410257113038647,0.10921553601265294,0.23494305795633613,0.2822206418252442
0.18876646011062395,0.3256107509156111,0.26633087094021873,0.061296192691651596,0.15799572534189463
0.2191916045112272,0.32882339875104,0.15213558716333878,0.23153831481291645,0.06831109476147755
0.20739808293588297,0.19468124278111398,0.37103237851214416,0.025816578741386084,0.20107171702947285
0.30064384191242405,0.30554895294566503,0.29915160440167254,0.02266976877127328,0.07198583196896502
0.21383329315607066,0.1269225466928724,0.1787614955256,0.21617641560919795,0.26430624901625904
0.3562353996003598,0.18908435123612657,0.05809462491118364,0.37818272646852336,0.018402897783806597
0.29058051617614344,0.37170105176223006,0.019657195214959636,0.05212302869225703,0.2659382081544099
0.36802241186820056,0.13075754557184383,0.09094230074388744,0.10286961131673159,0.3074081304993364
0.12087797388165149,0.32044279401833703,0.15731045533949412,0.26815969270483353,0.13320908405568394
0.27712554482536567,0.09470533508164838,0.19877054263824204,0.01418848737812592,0.4152100900766179
0.33554731556881323,0.12414077919398504,0.3810118516288456,0.08415748389141724,0.07514256971693889
0.13880867909028413,0.17963899059740318,0.17368334798821497,0.2983376234641672,0.20953135885993052
0.00372236839493242,0.27115764221829636,0.1930125503311716,0.30440162139267624,0.22770581766292328
0.3703632892817293,0.19744210957342728,0.045258631376093324,0.03628401897855001,0.35065195079019995
0.39004282366329474,0.022499477945894526,0.02373180095164656,0.394219265724292,0.16950663171487215
0.07176520646666751,0.19857799619340918,0.31418919068582696,0.34932122338953686,0.06614638326455953
0.24623478570590074,0.25159466568848715,0.3238610821009828,0.16377348280486312,0.014535983699766072
0.05184185673772942,0.25271516411347883,0.4374797221725322,0.14603335089720051,0.11192990607905899
0.253455844449406,0.052808597790224156,0.25288230172942905,0.22928269085963435,0.21157056517130646
0.22237851691228577,0.12855038673933766,0.16857536526222264,0.2798775607130686,0.20061817037308527
0.06977161505828645,0.32594006219026467,0.22104733903812127,0.38072926434546994,0.0025117193678577845
0.047447407606942694,0.16651080989220565,0.10630397499358084,0.2887612881808055,0.3909765193264652
0.24906106856124158,0.1741586666053453,0.12928502057449606,0.17953315800788833,0.26796208625102874
0.14178589621496268,0.3222280056464368,0.038100740772147264,0.15826494297511973,0.33962041439133367
0.18532900147651934,0.029798328057728054,0.3472371332581525,0.1899510765521923,0.24768446065540783
0.24433076632752693,0.25377618589075185,0.2182442295124077,0.18793083347061604,0.09571798479869742
0.014259353366779264,0.30894094901602526,0.3096635159604838,0.356748293986786,0.010387887669925922
0.2566588612069069,0.22824682214131925,0.2644245371309538,0.180013669421502,0.07065611009931798
0.24961094309929138,0.23296798739084892,0.01871782434053078,0.25194050699343923,0.2467627381758897
0.32107407683158545,0.24957548688446013,0.28689132685384333,0.0009212464452824346,0.14153786298482857
0.05300146842607498,0.2533378748711756,0.07003747873405147,0.356014216313215,0.26760896165548276
0.39211280379654173,0.17544148890387426,0.3595487732491352,0.055936493894288605,0.01696044015616036
0.05427540394151987,0.24711935518353542,0.22267580036166823,0.24273877871297073,0.23319066180030568
0.2936251160281643,0.04810883131333208,0.24297084775369926,0.20705968944432612,0.20823551546047814
0.049179559471784665,0.28671676127088297,0.2260690741460166,0.3119267041326583,0.1261079009786575
0.10486667068917295,0.13340957270749215,0.24493672617169135,0.2352460458385662,0.28154098459307747
0.05936924665128394,0.2801261948542843,0.29669674964788156,0.32911906794136975,0.03468874090518039
0.4556289640093892,0.11191688326450906,0.1267286408465641,0.18511499201201365,0.12061051986752401
0.1944136539520658,0.01700436744871811,0.22682006557614912,0.2942242927570551,0.267537620266012
0.4322766219814666,0.10913040992316493,0.3639428149001595,0.062478334029547694,0.03217181916566129
0.270517395033874,0.3180688039309992,0.20451352810879955,0.1202483920776829,0.08665188084864422
0.3228836804442979,0.14674528541827436,0.1404798302852943,0.2123356194213023,0.17755558443083125
0.2849766306014722,0.23726453811619308,0.22041232613966386,0.22025729477071376,0.0370892103719571
0.2221595022370377,0.09109608125298221,0.5808745032340303,0.07703862987026126,0.02883128340568853
0.25983104534351587,0.3327072715732249,0.2324023543826538,0.17045014434612726,0.004609184354478193
0.11984558874216138,0.4092701240072322,0.14867005001312633,0.15085653404394125,0.17135770319353885
0.24188848017022999,0.19908651424184023,0.13472342622969447,0.22841569121483707,0.19588588814339827
0.27180965387574924,0.24624831998981428,0.10192414509472104,0.06608561063636482,0.3139322704033505
0.1064243468297952,0.22518212882133856,0.1418059865609236,0.29557825789576375,0.23100927989217895
0.3349287176371232,0.12607097770896714,0.2720545785773455,0.19815470523731707,0.06879102083924696
0.07002965849765636,0.40701204122404205,0.13262712454109418,0.3278585401066227,0.062472635630584625
0.07913661454982955,0.21388731137702585,0.24502203816956875,0.21692379920935778,0.24503023669421795
0.09756894244869767,0.20122141586034384,0.07537640060462232,0.4344283723945746,0.19140486869176163
0.20638065182685622,0.16778410219939907,0.21397628710492506,0.26052730034619603,0.15133165852262354
0.18697359581669282,0.2234662889142212,0.2813712473368665,0.04397842900498832,0.2642104389272312
0.14974085381128435,0.11344446395932416,0.2568223927416861,0.3379990641007221,0.14199322538698336
0.17075701627911227,0.27055860819949856,0.19710360086920012,0.2781784912790953,0.08340228337309383
0.19402693474711852,0.22166574292632324,0.4222516059952712,0.15394843488064533,0.008107281450641764
0.1537376781555423,0.014179528296774081,0.10438496047128994,0.28022781905289273,0.44747001402350084
0.3079604563460676,0.13769369041380827,0.33360112128273456,0.19642855313001584,0.024316178827373615
0.24892363511256682,0.3740884691842937,0.0546335620764519,0.05017219349533156,0.2721821401313559
0.1508944812118114,0.18058163722183218,0.44485573516694815,0.06133292905616407,0.1623352173432441
0.14855194611135986,0.1269017101798301,0.33923727886343424,0.3626277621567293,0.022681302688646505
0.26875360201715087,0.2841856502018042,0.19353592467950714,0.07343665693852412,0.18008816616301346
0.016960017161427875,0.19829937992798322,0.27659779282477415,0.3355647280677112,0.17257808201810354
0.2718101148836979,0.16473233593862568,0.09674019009285025,0.3096652637407441,0.1570520953440821
0.24475768641333936,0.037609822535570304,0.3468391081399493,0.195418495529779,0.17537488738136206
0.35099983543637525,0.058578689403519076,0.046234965771105696,0.22680258392317268,0.3173839254658272
0.3164224749870777,0.27965826334794697,0.0647393665817318,0.1623317451585053,0.17684814992473827
0.22101154433138587,0.2227180280288058,0.04451271204482717,0.19573774197118649,0.3160199736237947
0.16295112551757396,0.21016698407292672,0.3175242476623885,0.14252605220235134,0.16683159054475924
0.2640185058709407,0.14179423402788127,0.34211801546334275,0.04623497243260772,0.2058342722052275
0.13209785431458926,0.4613208730628389,0.0631511516150958,0.28352661140138,0.05990350960609606
0.1462888662981674,0.1882427005842024,0.03414266631076256,0.3199032922701149,0.31142247453675276
0.19821969394710487,0.22733120350811054,0.12904148895742806,0.21982224985963225,0.22558536372772428
0.21940726993049056,0.2197243931898199,0.19487774129687502,0.12046224364672459,0.24552835193608985
0.15464445966934806,0.20980903286419872,0.23294896602399265,0.2893878721188684,0.11320966932359201
0.35172965711513937,0.1717009705325251,0.20737587945629862,0.18902800166418884,0.0801654912318482
0.2643981500975906,0.29409670621925704,0.012274018163744845,0.2907029900925232,0.13852813542688427
0.4720896402437766,0.00010082475508001325,0.06928996323890382,0.17879801847133842,0.2797215532909012
0.04159919097351994,0.09853985921719013,0.22733580310241855,0.06595835894977521,0.5665667877570962
0.1807946116020913,0.28543300016999346,0.2593112973794218,0.220351964189221,0.05410912665927248
0.13499706883771084,0.31136660216564843,0.13795490121918422,0.3877820199279631,0.02789940784949332
0.24076244443717984,0.081082393649968,0.2665743315331431,0.01731135415591504,0.3942694762237941
0.3129743813495174,0.08103662868963664,0.1570087952875458,0.24798886489608488,0.20099132977721537
0.2782678627170806,0.007529698577798844,0.20296081070847938,0.11979870242318195,0.3914429255734591
0.11982397510899473,0.02087110747877416,0.11092726801188904,0.01703152476724105,0.731346124633101
0.06771327273771989,0.2863511398365671,0.35000029834878654,0.12746806170517763,0.16846722737174874
0.1963332120636834,0.10745035518327267,0.19121054964993783,0.44727227202479675,0.05773361107830943
0.3187618009701376,0.1426873878518832,0.12014946308737826,0.293051272835559,0.12535007525504183
0.2544617296258754,0.2785318246462693,0.2088319529560155,0.12833941404175625,0.1298350787300835
0.2536986006704033,0.12099592588374855,0.11937723620760281,0.22056291365826045,0.28536532357998495
0.18591269754957607,0.26164212829768585,0.23298785496092303,0.1936148930912146,0.12584242610060042
0.23519173811125377,0.21574751081300544,0.20716065289233496,0.22556230128553095,0.11633779689787492
0.008223623986828554,0.3586468734060845,0.15227850095030104,0.1502572225747089,0.33059377908207693
0.2787446852964552,0.12025326930070156,0.30507732048285496,0.0962895077531079,0.19963521716688037
0.262137262086299,0.21191013100263295,0.23520443905638674,0.1338473112632951,0.15690085659138625
0.0018747795949615414,0.2414001141159963,0.3331656702445645,0.3468324923721353,0.07672694367234234
0.1577108089809629,0.35936190201421475,0.2966181231603225,0.1712407197351454,0.015068446109354535
0.05946270676255169,0.18321270206415702,0.3614563945365203,0.39479470103702274,0.0010734955997482737
0.1646755098000868,0.15588103825298819,0.1821059399536267,0.33460903751482823,0.16272847447847014
0.031930752361052035,0.19645363939582558,0.3145058877981861,0.01834856754173149,0.43876115290320494
0.02712633787664047,0.10681406562094316,0.10602286654652084,0.11278829145519667,0.6472484385006989
0.1948847480030209,0.3282510895080024,0.31394575298275845,0.058560459217880945,0.1043579502883374
0.41657468448023316,0.03538778313123502,0.08925991666207568,0.27139144231214724,0.18738617341430888
0.05805590890618362,0.10177543756803678,0.04752251245299838,0.2884372781891866,0.5042088628835946
0.2610359457185222,0.04956576587707786,0.027431957153155842,0.3237763981635354,0.3381899330877088
0.2392922060393451,0.14541796607825153,0.25408281800337584,0.015868108358500707,0.3453389015205268
0.4036345769689701,0.18329100088931574,0.16900442332836457,0.08757588562738909,0.15649411318596063
0.22209214407787758,0.10331359793329065,0.3734575735791642,0.03003547846962688,0.2711012059400406
0.06591953816639518,0.27074630824792584,0.06172311891735757,0.2877498093356976,0.31386122533262384
0.32946756390643567,0.32033112426059046,0.014647301418416442,0.24083162046931947,0.09472238994523807
0.04425340588072463,0.12872734543038256,0.08373387499738677,0.4347856430128076,0.30849973067869846
0.26615998437345073,0.2050786005860472,0.23223106923593748,0.10955451568813795,0.18697583011642668
0.25471934689897907,0.34461976489195173,0.10552606252421418,0.15317720463626533,0.14195762104858972
0.03677384999161783,0.25367613583036686,0.4387510024519904,0.24902930325074304,0.021769708475281913
0.004747989684761114,0.2458765857728327,0.17853126682377027,0.2184948342235496,0.35234932349508635
0.32282046888915616,0.3363284569322645,0.044608721667012845,0.07813887161198461,0.21810348089958198
0.327355235812699,0.29325137503586496,0.059675741769662095,0.12200307777619603,0.19771456960557796
0.2039213330093428,0.06478723273441873,0.17307266551569722,0.39266770797372613,0.1655510607668151
0.2409050112313528,0.08021286931326385,0.38497217088735775,0.07625523520036259,0.2176547133676629
0.05597194024607602,0.2996579089269101,0.1880852072630914,0.30791083749733184,0.14837410606659077
0.288275782126463,0.23237304814941875,0.1177279472789835,0.10730620125031842,0.2543170211948163
0.2027898949332625,0.38747555475030654,0.08208349253824535,0.183428773007195,0.14422228477099067
0.17225833726265644,0.206551867099658,0.21563531319623278,0.2781152842506371,0.12743919819081564
0.28687856225016406,0.057781136360819926,0.15548020410708954,0.37313248025623463,0.12672761702569182
0.2887748880790612,0.17197208377730444,0.1841506557873579,0.23736032952932898,0.11774204282694747
0.2271234120213738,0.1669132173470017,0.11367654966247981,0.23950636828251937,0.2527804526866254
0.21863106741109128,0.19696975514419238,0.21542303827166637,0.29225979966344356,0.07671633950960638
0.16563103026604517,0.2516657810184342,0.16632854535278768,0.20366762417508058,0.21270701918765236
0.20194120448301334,0.17662644899738397,0.24925782729707874,0.1874839116615962,0.18469060756092773
0.11393341512396671,0.3021516187292775,0.03731146663979757,0.29062152360574783,0.25598197590121036
0.26224245355320863,0.02589216125636506,0.3077430222262716,0.36808034105919024,0.03604202190496446
0.09242160626315231,0.27252222833956924,0.16420691026826378,0.2552389007135238,0.2156103544154908
0.38253666261916636,0.09774986144318369,0.0016524450624987351,0.464711925198909,0.05334910567624222
0.21504012070786832,0.21292330926395922,0.20336430155524934,0.0553200303707232,0.3133522381021999
0.256151019954425,0.3895119253795598,0.20985786221283464,0.006834167844171635,0.1376450246090088
0.18151817052651387,0.18320436082035732,0.3137328306478237,0.27976469470146476,0.04177994330384048
0.1211040289470437,0.20122061816451847,0.004499823391133825,0.5008281240104797,0.17234740548682437
0.33303532019263143,0.16277928676985332,0.1072975163427202,0.12628182423357934,0.27060605246121566
0.1546009761368962,0.31533164037496164,0.3652598628767264,0.08827841181632735,0.07652910879508844
0.15422898875104177,0.1613606622381666,0.19861048459521125,0.2332931856916441,0.25250667872393623
0.07570846622794349,0.17735359278152296,0.19195807289689584,0.25335722419949397,0.3016226438941436
0.13523639174931198,0.3811235859952835,0.15662764322298578,0.07597969309618915,0.2510326859362296
0.09950898029388698,0.046232784552471595,0.4136417941233736,0.10775099820440434,0.3328654428258634
0.31326422446294167,0.3891427595729322,0.09991785876576083,0.16278685712377183,0.03488830007459356
0.015149713076262552,0.37828162388638953,0.23449447109683608,0.09637929474901724,0.2756948971914945
0.27139601740801045,0.08659595856848226,0.3018080681980977,0.22980748097899156,0.11039247484641818
0.07586798827431993,0.3606489580705842,0.21833962258102374,0.21224331885059464,0.13290011222347745
0.04854657240505085,0.21075892598015827,0.47180725170783155,0.2051518687200253,0.06373538118693399
0.20347233955665595,0.32459844744715016,0.225616137520765,0.017468753504316623,0.22884432197111235
0.21270066008714086,0.28313636051672525,0.03844738336955888,0.1596723227222398,0.30604327330433523
0.18985806118958748,0.27817998097416863,0.014719380272343338,0.18874872053513353,0.32849385702876704
0.25802136151424426,0.23328626897436833,0.39466191765412795,0.031316336491783434,0.08271411536547586
0.07066505954959791,0.3927661551157635,0.07326190459515362,0.43657712189361364,0.026729758845871282
0.13401590891896056,0.3136405328739314,0.08597567315505754,0.26220660509001903,0.20416127996203148
0.1904116409835761,0.37119683608962345,0.14633182653384907,0.16191658461270456,0.1301431117802468
0.5096606028461335,0.10892757765782589,0.2012417932586361,0.11251330718904669,0.06765671904835781
0.20117482937493833,0.29322071520547677,0.3080637721194852,0.13271796810344288,0.06482271519665674
0.19270513208896703,0.23621690324506564,0.03248670427477129,0.2597567407114964,0.2788345196796995
0.1509843177081814,0.2919987611127325,0.2528522911570341,0.22515608976020804,0.07900854026184402
0.3187998653577634,0.051333435572454206,0.29952687393179583,0.2016991975044568,0.12864062763352963
0.03371737552325148,0.00031238845920241576,0.3960728545272558,0.41124608860604883,0.15865129288424157
0.08202772530994538,0.2255575281262659,0.17633838799624202,0.32205646534332005,0.1940198932242266
0.03426720064311583,0.37801121385578534,0.2696748913529079,0.2821865681555026,0.03586012599268839
0.3317562558166204,0.36288422257437253,0.11876165456220028,0.1651020308538006,0.02149583619300627
0.25648446793014074,0.22284088677180836,0.11614579654990066,0.2498118543614295,0.15471699438672065
0.17764649944110977,0.028947033074037377,0.2920907666301719,0.15682943648859402,0.34448626436608715
0.3090358287311281,0.3235599866886406,0.02433211155214779,0.318338342730203,0.024733730297880323
0.10681564305036682,0.22825596895731368,0.22000579679630633,0.16138975161604227,0.28353283957997083
0.019395200611615437,0.33467000138080744,0.24731390948957993,0.21311263410253423,0.1855082544154629
0.3601001067460682,0.1911207359240692,0.19161678563367415,0.2343792322997122,0.022783139396476252
0.5352606430730363,0.034588618116381156,0.20165995802117465,0.11652052257376708,0.11197025821564074
0.2802796051024769,0.14168273065984058,0.1190496230631878,0.2569209679935133,0.20206707318098138
0.30201013108501285,0.30420468056125266,0.06308339459388565,0.31340256198360184,0.017299231776247093
0.16313478200303888,0.2559370831154723,0.3164688624248012,0.10724227569873764,0.15721699675795003
0.08491835542199881,0.4442543607526566,0.1067901245899467,0.2906887021111724,0.07334845712422541
0.32826070696877846,0.3059247026152461,0.320329961237829,0.013502285205599348,0.031982343972547074
0.1088522956408986,0.1314637950532665,0.11957101587547232,0.4113258544891266,0.22878703894123606
0.29672086796247876,0.37849117628001766,0.005473992634365748,0.07957607555402957,0.2397378875691082
0.22006034979714745,0.3231811921343344,0.03298046424135986,0.34804223635219345,0.0757357574749649
0.09086208376640212,0.20900530694169203,0.28264845329151367,0.14785354567457132,0.26963061032582103
0.2840097432154741,0.1109013474693965,0.2757772348838544,0.046337605234321934,0.28297406919695295
0.5288577887243838,0.1398006606777062,0.24790396438660459,0.058756547282233895,0.02468103892907161
0.14365012543269504,0.07853492584454284,0.5134420087052505,0.08314307445639905,0.18122986556111262
0.3066637211077088,0.2887468326330718,0.06030562613616405,0.08013270712900722,0.2641511129940482
0.26292187819538754,0.07402812244499075,0.2280696128220563,0.2985541046648596,0.13642628187270583
0.06823307517008934,0.4164259471537883,0.018208094014174937,0.12908986860018365,0.3680430150617639
0.019431290234074843,0.39215920539494853,0.1432284949691324,0.37667320328505743,0.06850780611678679
0.045025370826678346,0.4077374004089179,0.15526863753808146,0.12471475263657701,0.26725383858974533
0.3888855304908271,0.24800014537533985,0.23234642989418008,0.13071255422408112,5.534001557183293e-05
0.285665313238852,0.37207246769262636,0.24506622642804185,0.028607210137235082,0.06858878250324468
0.009565386269587632,0.21903498394677795,0.3606365341004595,0.39074241958447814,0.02002067609869677
0.4391402913145583,0.11835631541144213,0.04969999418075853,0.3389933902036182,0.05381000888962279
0.3050497090634691,0.08053166661854894,0.29993903096598895,0.16610850186589324,0.14837109148609978
0.11016876646085173,0.38279545865408166,0.3111216230187662,0.02483436628127421,0.1710797855850261
0.24533872459261985,0.0511557535751379,0.34885224745588045,0.007651031787353118,0.34700224258900864
0.403173186795776,0.07431435986711031,0.11805598229365853,0.2913788476866244,0.11307762335683062
0.17467492359166623,0.2410957633424515,0.2295753481895699,0.30914692903582,0.045507035840492455
0.21647025894501662,0.39111694850085965,0.08939873136709035,0.24352447189358029,0.05948958929345317
0.36576154768503516,0.15209394907909266,0.051857427245290376,0.3190179550858327,0.11126912090474907
0.08045912078099529,0.3329220528037523,0.36010575856943444,0.00266383547727909,0.223849232368539
0.41417655035928175,0.09548673547712322,0.030128987801093205,0.0848311207115125,0.3753766056509892
0.0034242241113344274,0.5714327003596845,0.3031485057203433,0.08619584333360816,0.03579872647502959
0.26594158650280453,0.14803481285221845,0.027490236776473914,0.2923533611766439,0.2661800026918593
0.35736491466762654,0.059422684645021075,0.1095934347320623,0.3602022824813427,0.11341668347394748
0.29085917328991334,0.03341016361536956,0.18705352069895792,0.24882905723174664,0.23984808516401254
0.06425340248468207,0.2828242370647768,0.2579410896832934,0.16749603351661882,0.22748523725062894
0.02349641173280499,0.3396777399599887,0.20947830402218803,0.11510648652946127,0.312241057755557
0.32006951936646283,0.16506775071626725,0.0880102683976596,0.10767591807855482,0.3191765434410554
0.1549750934186834,0.12536199173016305,0.39423934696330165,0.042501020622548964,0.28292254726530297
0.11759685864806452,0.06293540614716787,0.40681039969434285,0.07167669711155235,0.3409806383988722
0.3520028175829474,0.10224689935209938,0.27655729300025444,0.008860009620707232,0.26033298044399156
0.20298656494862763,0.2784465995935814,0.14284389639075995,0.18125702592662563,0.19446591314040518
0.30240990314671334,0.17432952979734165,0.19041919040278368,0.27147041550980144,0.06137096114335995
0.004452135510063767,0.11015494798666049,0.30192421043372375,0.07458884053491825,0.5088798655346337
0.24314402922894263,0.22201582040523693,0.0022867339092402764,0.19328623200224443,0.33926718445433585
0.32114359089953903,0.06161571380631906,0.17175208908496406,0.19519741852451106,0.25029118768466685
0.3250421156411049,0.007129667202497332,0.09971757133008037,0.12267999698874432,0.4454306488375731
0.26099716469019185,0.040034784572633965,0.3119750227980747,0.26443402371571223,0.1225590042233872
0.18209151951482327,0.19856719198272654,0.17515690351313767,0.22948184095164728,0.21470254403766517
0.1916707273807883,0.09740657744852341,0.15910660390717163,0.2705231866850863,0.28129290457843026
0.18598723274508694,0.11657718752722251,0.27574031032948226,0.21184631371327656,0.20984895568493178
0.3370409757043328,0.09552463925669104,0.10829572753981773,0.2836366204102151,0.17550203708894338
0.03313227817499593,0.23825667971994216,0.03705495104650152,0.435199225675649,0.2563568653829114
0.16020620149207163,0.25249887589351655,0.32429301987222703,0.065747716711342,0.19725418603084285
0.19934410829410235,0.30639709348234445,0.04223248448167811,0.35575454017040514,0.09627177357147003
0.24061874675786696,0.030022655670135255,0.05186148294605387,0.26848342380366613,0.4090136908222777
0.030963021707053947,0.2879521319270563,0.10172308148183584,0.3190092138417542,0.26035255104229965
0.08092670612715248,0.3735088846547384,0.28086015654656443,0.06658702273619338,0.1981172299353513
0.1699074345761389,0.13499002671910396,0.24463489839576422,0.2750447697973902,0.1754228705116027
0.1481949708480807,0.08074823964039654,0.05088096004122267,0.32144468060856884,0.3987311488617312
0.3033461025087018,0.26051274827031634,0.10786358632795909,0.14891588620451893,0.17936167668850375
0.10351653583147825,0.18254940635574365,0.2158748518101781,0.3196731036536023,0.17838610234899765
0.1400269708301761,0.11290777498217622,0.25794209383714617,0.16679355234775464,0.3223296080027468
0.12594302054838535,0.06139417467472144,0.42531854789384976,0.024869210880752245,0.3624750460022912
0.045846950972075896,0.21010923889579045,0.3158836029442588,0.25767915406590924,0.1704810531219656
0.20102644434603906,0.2740305321122506,0.29741669023352596,0.1230136939784552,0.10451263932972941
0.06063202207326287,0.2774491817434698,0.07896237348406106,0.4616703614940968,0.12128606120510933
0.09291897504610873,0.2519818669022407,0.1797139124417447,0.18994008549624036,0.28544516011366555
0.2042642191790574,0.07342516579009783,0.2645195590544794,0.20940694738044446,0.24838410859592092
0.08171669094578832,0.05438049133441448,0.5367955986814915,0.2199866514682536,0.10712056757005198
0.17450063246777262,0.3157307626642283,0.2280772098905088,0.14942700448430069,0.13226439049318967
0.045061755976205896,0.29671355910548264,0.09690700048619515,0.25146916625254623,0.30984851817957004
0.19250215713868157,0.24249703483727447,0.14660988356351107,0.07366052222424815,0.34473040223628476
0.35380085802723693,0.06891039932943828,0.3490210077116151,0.02456965128142108,0.20369808365028866
0.3799812856811429,0.28949712441951525,0.1475157833849712,0.11178567600904417,0.07122013050532648
0.2513339747238056,0.20131395655905596,0.11677406329610636,0.04062362249592663,0.3899543829251055
0.2584641880133181,0.3576050961084454,0.09651231593727268,0.17949665404658677,0.10792174589437721
0.3107089167046754,0.25142183958110975,0.0006484900953123724,0.2602045867068869,0.17701616691201547
0.1320188307890683,0.23350131486986822,0.16170608842035977,0.27890729234055467,0.19386647358014905
0.29651219064321666,0.36417875408831846,0.050799561187050236,0.023477831269839163,0.26503166281157564
0.2677917515394392,0.3024305117848159,0.05979428802389129,0.2133622953365985,0.15662115331525503
0.24826054904519887,0.19231674043890504,0.2470965172080779,0.021716433786476606,0.29060975952134155
0.2768651550869993,0.14281903260618858,0.3455467901299185,0.11445050280366578,0.12031851937322786
0.28390245411294107,0.15160902665856985,0.22622365195701274,0.12629094752217276,0.2119739197493036
0.018746329666403987,0.4111176870538188,0.00028083286449381774,0.09753168173743659,0.47232346867784686
0.07127139311069325,0.2948542282698675,0.041704486798898835,0.24314997202072383,0.34901991979981656
0.33506953514563786,0.2965784561463768,0.15771493499481168,0.1188000133953934,0.09183706031778018
0.25347889046570804,0.21297964531022107,0.21503659426097105,0.1105700298307607,0.20793484013233918
0.012493891729013327,0.1865228123527159,0.3097326818374839,0.23808630398975272,0.25316431009103413
0.32617498301927306,0.07666580199516874,0.08843975391483196,0.2968468949411613,0.21187256612956487
0.04884936988789692,0.43783076888376277,0.12488206091922983,0.026796300752355545,0.36164149955675484
0.15833683408848137,0.11398230108817034,0.06402992146743954,0.14202969710169644,0.5216212462542122
0.11560261513661993,0.29793464983510015,0.2852002171807994,0.07034444518841369,0.23091807265906691
0.22188954064588973,0.015636117148422262,0.3190503022246902,0.08846401247261275,0.354960027508385
0.1977106879307013,0.10929565757328982,0.07894646403618932,0.43817352751480354,0.17587366294501613
